1	-1			188405	188402
1	0	<title>	<title>	188402	-1
1	1	title	title	188403	188402	ZeroTypeOfCoordination	NoPlacement	NormalCapitalization	NotDefaultFiller	NoContrast	NoLeftmostPlacement	FullRealization	NoRightmostPlacement	NormalNumberParadigm	NotLeftConjunct	NormalClassifyingCapitalization	ZeroDoubleConjunct	NotCommonChild	NotEllipted	NormalMorphForm	NotControlled	NotRightConjunct
1	7	Фурсенко	Фурсенко	188404	188402	Animate	Reflexive	FullReflexivity	NonReflexive	ImperfectiveReflexivity	NormalMorphForm	DefectOne	DefectTwo	Byt	DefectThree	DefectFour	GTNoun	NotEllipted	VocalForm	NForm	NotControlled	ZeroTypeOfCoordination	NoCompositeness	DegreeComparative	DegreePositive	DegreeSuperlative	Adverb_Un_Hyphen	Adverb_With_Hyphen	Indeclinable	Un_Comp_Suf	BiAspectual	MonoAspectual	Paired	FullSynthComparison	NoSynthComparative	NoSynthSuperlative	OnlySuperlative	MOne	MTwo	MThree	NormalClassifyingCapitalization	Future	Past	Present	Noun	ZeroDoubleConjunct	NotCommonChild	Accusative	Dative	Genitive	Instrumental	Locative	Nominative	Partitive	Prepositional	RCDemonstrative	RCAttributive	RCPossessive	RCIndefinite	RCPersonal	RCInterrogative	RCNegative	RCReflexive	RCNoun	NoPlacement	Imperfective	Perfective	NotDefaultFiller	Common	NoLeftmostPlacement	Iterat	UnIterat	NoRightmostPlacement	NotLeftConjunct	PersonFirst	PersonSecond	PersonThird	PersonZero	Active	VoiceSya	Passive	VerbIntransitive	VerbIntransitiveSpecial	VerbTransitive	VerbTransitiveSpecial	NotRightConjunct	NoSpecialCaseForm	NoContrast	NormalCapitalization	PO_Prefixoid	Rus_Prefixoid	VPOL_Prefixoid	NE_Prefixoid	Eval_Prefixoid	Intern_Prefixoid	Reduced_Prefixoid	InternHy_Prefixoid	Letter_Prefixoid	BEZ_Prefixoid	BES_Prefixoid	BEZer_Prefixoid	V_Prefixoid	InternModEr_Prefixoid	RusHy_Prefixoid	NAI_Prefixoid	POL_Prefixoid	NI_Prefixoid	KOE_Prefixoid	Intern_ReducedPrefixoid	InternMod_Prefixoid	Chem_Prefixoid	ProperNamePrefixoid	Chemical_Possible	ParticipleFullForm	ParticipleShortForm	Plural	Singular	FiveAndMore	Three	Four	Two	SevenEight	AdjectiveFullForm	AdjectiveShortForm	AdjectiveShortFlectional	NounProperSurNameForeign	NormalNumberParadigm	FullRealization
1	17	Андрей	Андрей	188406	-1	Animate	Reflexive	FullReflexivity	NonReflexive	ImperfectiveReflexivity	NormalMorphForm	DefectOne	DefectTwo	Byt	DefectThree	DefectFour	GTNoun	NotEllipted	VocalForm	NForm	NotControlled	ZeroTypeOfCoordination	NoCompositeness	DegreeComparative	DegreePositive	DegreeSuperlative	Adverb_Un_Hyphen	Adverb_With_Hyphen	DeclensionNominal	Un_Comp_Suf	BiAspectual	MonoAspectual	Paired	FullSynthComparison	NoSynthComparative	NoSynthSuperlative	OnlySuperlative	MOne	MTwo	MThree	NormalClassifyingCapitalization	Future	Past	Present	Noun	ZeroDoubleConjunct	NotCommonChild	Nominative	RCDemonstrative	RCAttributive	RCPossessive	RCIndefinite	RCPersonal	RCInterrogative	RCNegative	RCReflexive	RCNoun	NoPlacement	Imperfective	Perfective	NotDefaultFiller	Masculine	NoLeftmostPlacement	Iterat	UnIterat	NoRightmostPlacement	NotLeftConjunct	PersonFirst	PersonSecond	PersonThird	PersonZero	Active	VoiceSya	Passive	VerbIntransitive	VerbIntransitiveSpecial	VerbTransitive	VerbTransitiveSpecial	NotRightConjunct	NoSpecialCaseForm	NoContrast	NormalCapitalization	PO_Prefixoid	Rus_Prefixoid	VPOL_Prefixoid	NE_Prefixoid	Eval_Prefixoid	Intern_Prefixoid	Reduced_Prefixoid	InternHy_Prefixoid	Letter_Prefixoid	BEZ_Prefixoid	BES_Prefixoid	BEZer_Prefixoid	V_Prefixoid	InternModEr_Prefixoid	RusHy_Prefixoid	NAI_Prefixoid	POL_Prefixoid	NI_Prefixoid	KOE_Prefixoid	Intern_ReducedPrefixoid	InternMod_Prefixoid	Chem_Prefixoid	ProperNamePrefixoid	Chemical_Possible	ParticipleFullForm	ParticipleShortForm	Singular	FiveAndMore	Three	Four	Two	SevenEight	AdjectiveFullForm	AdjectiveShortForm	AdjectiveShortFlectional	NounProperName	NormalNumberParadigm	FullRealization
1	23	</title>	</title>	188407	188406
1	24	/title	/title	188408	188407	ZeroTypeOfCoordination	NoPlacement	NormalCapitalization	NotDefaultFiller	NoContrast	NoLeftmostPlacement	FullRealization	NoRightmostPlacement	NormalNumberParadigm	NotLeftConjunct	NormalClassifyingCapitalization	ZeroDoubleConjunct	NotCommonChild	NotEllipted	NormalMorphForm	NotControlled	NotRightConjunct
3	0	<annotation>	<annotation>	188409	-1
3	1	annotation	annotation	188410	188409	ZeroTypeOfCoordination	NoPlacement	NormalCapitalization	NotDefaultFiller	NoContrast	NoLeftmostPlacement	FullRealization	NoRightmostPlacement	NormalNumberParadigm	NotLeftConjunct	NormalClassifyingCapitalization	ZeroDoubleConjunct	NotCommonChild	NotEllipted	NormalMorphForm	NotControlled	NotRightConjunct
3	12	Помощник	Помощник	188411	188409	Animate	Inanimate	Animate	Inanimate	Reflexive	FullReflexivity	NonReflexive	ImperfectiveReflexivity	Reflexive	FullReflexivity	NonReflexive	ImperfectiveReflexivity	NormalMorphForm	NormalMorphForm	NormalMorphForm	DefectOne	DefectTwo	Byt	DefectThree	DefectFour	DefectOne	DefectTwo	Byt	DefectThree	DefectFour	GTNoun	GTNoun	NotEllipted	NotEllipted	NotEllipted	VocalForm	NForm	VocalForm	NForm	NotControlled	NotControlled	NotControlled	ZeroTypeOfCoordination	ZeroTypeOfCoordination	ZeroTypeOfCoordination	NoCompositeness	NoCompositeness	DegreeComparative	DegreePositive	DegreeSuperlative	DegreeComparative	DegreePositive	DegreeSuperlative	Adverb_Un_Hyphen	Adverb_With_Hyphen	Adverb_Un_Hyphen	Adverb_With_Hyphen	DeclensionNominal	DeclensionAdjectival	DeclensionNominal	DeclensionMixed	Indeclinable	Un_Comp_Suf	Un_Comp_Suf	Comp_PunctuatorPostSeparable	Comp_PunctuatorPrefSeparable	Comp_Noun	BiAspectual	MonoAspectual	Paired	BiAspectual	MonoAspectual	Paired	FullSynthComparison	NoSynthComparative	NoSynthSuperlative	OnlySuperlative	FullSynthComparison	NoSynthComparative	NoSynthSuperlative	OnlySuperlative	MOne	MTwo	MThree	MOne	MTwo	MThree	NormalClassifyingCapitalization	NormalClassifyingCapitalization	NormalClassifyingCapitalization	Future	Past	Present	Future	Past	Present	Noun	Noun	ZeroDoubleConjunct	ZeroDoubleConjunct	ZeroDoubleConjunct	NotCommonChild	NotCommonChild	NotCommonChild	Accusative	Nominative	Accusative	Dative	Genitive	Instrumental	Locative	Nominative	Partitive	Prepositional	Vocative	RCDemonstrative	RCAttributive	RCPossessive	RCIndefinite	RCPersonal	RCInterrogative	RCNegative	RCReflexive	RCNoun	RCDemonstrative	RCAttributive	RCPossessive	RCIndefinite	RCPersonal	RCInterrogative	RCNegative	RCReflexive	RCNoun	NoPlacement	NoPlacement	NoPlacement	Imperfective	Perfective	Imperfective	Perfective	NotDefaultFiller	NotDefaultFiller	NotDefaultFiller	Masculine	Feminine	Masculine	Neuter	Common	NoLeftmostPlacement	NoLeftmostPlacement	NoLeftmostPlacement	Iterat	UnIterat	Iterat	UnIterat	NoRightmostPlacement	NoRightmostPlacement	NoRightmostPlacement	NotLeftConjunct	NotLeftConjunct	NotLeftConjunct	PersonFirst	PersonSecond	PersonThird	PersonZero	PersonFirst	PersonSecond	PersonThird	PersonZero	Active	VoiceSya	Passive	Active	VoiceSya	Passive	VerbIntransitive	VerbIntransitiveSpecial	VerbTransitive	VerbTransitiveSpecial	VerbIntransitive	VerbIntransitiveSpecial	VerbTransitive	VerbTransitiveSpecial	NotRightConjunct	NotRightConjunct	NotRightConjunct	NoSpecialCaseForm	NoSpecialCaseForm	Locative_u	Genitive_u	Plural_consonant	Genitive_Locative_u	GenitivePlural_Zero	NominativePlural_a	SpecialPlual	SpecialVocative	NoContrast	NoContrast	NoContrast	NormalCapitalization	NormalCapitalization	NormalCapitalization	PO_Prefixoid	Rus_Prefixoid	VPOL_Prefixoid	NE_Prefixoid	Eval_Prefixoid	Intern_Prefixoid	Reduced_Prefixoid	InternHy_Prefixoid	Letter_Prefixoid	BEZ_Prefixoid	BES_Prefixoid	BEZer_Prefixoid	V_Prefixoid	InternModEr_Prefixoid	RusHy_Prefixoid	NAI_Prefixoid	POL_Prefixoid	NI_Prefixoid	KOE_Prefixoid	Intern_ReducedPrefixoid	InternMod_Prefixoid	Chem_Prefixoid	ProperNamePrefixoid	Chemical_Possible	PO_Prefixoid	Rus_Prefixoid	VPOL_Prefixoid	NE_Prefixoid	Eval_Prefixoid	Intern_Prefixoid	Reduced_Prefixoid	InternHy_Prefixoid	Letter_Prefixoid	BEZ_Prefixoid	BES_Prefixoid	BEZer_Prefixoid	V_Prefixoid	InternModEr_Prefixoid	RusHy_Prefixoid	NAI_Prefixoid	POL_Prefixoid	NI_Prefixoid	KOE_Prefixoid	Intern_ReducedPrefixoid	InternMod_Prefixoid	Chem_Prefixoid	ProperNamePrefixoid	Chemical_Possible	ParticipleFullForm	ParticipleShortForm	ParticipleFullForm	ParticipleShortForm	Singular	Plural	Singular	FiveAndMore	Three	Four	Two	SevenEight	FiveAndMore	Three	Four	Two	SevenEight	AdjectiveFullForm	AdjectiveShortForm	AdjectiveShortFlectional	AdjectiveFullForm	AdjectiveShortForm	AdjectiveShortFlectional	NounProperGeneral	NounProperSurNameFlective	NounProperTown	NounProperName	AdjectiveProper	NounProperPatronymic	NounProperNameDimin	AbbrProperGeneral	NounProperSurNameForeign	NounProperGeneral	NounProperSurNameFlective	NounProperTown	NounProperName	AdjectiveProper	NounProperPatronymic	NounProperNameDimin	AbbrProperGeneral	NounProperSurNameForeign	NormalNumberParadigm	NormalNumberParadigm	NormalNumberParadigm	PluraliaTantum	SingulariaTantum	FullRealization	FullRealization	FullRealization
3	21	президента	президента	188412	188411	Animate	Reflexive	FullReflexivity	NonReflexive	ImperfectiveReflexivity	NormalMorphForm	DefectOne	DefectTwo	Byt	DefectThree	DefectFour	GTNoun	NotEllipted	VocalForm	NForm	NotControlled	ZeroTypeOfCoordination	NoCompositeness	DegreeComparative	DegreePositive	DegreeSuperlative	Adverb_Un_Hyphen	Adverb_With_Hyphen	DeclensionNominal	Un_Comp_Suf	BiAspectual	MonoAspectual	Paired	FullSynthComparison	NoSynthComparative	NoSynthSuperlative	OnlySuperlative	MOne	MTwo	MThree	NormalClassifyingCapitalization	Future	Past	Present	Noun	ZeroDoubleConjunct	NotCommonChild	Accusative	Genitive	Partitive	RCDemonstrative	RCAttributive	RCPossessive	RCIndefinite	RCPersonal	RCInterrogative	RCNegative	RCReflexive	RCNoun	NoPlacement	Imperfective	Perfective	NotDefaultFiller	Masculine	NoLeftmostPlacement	Iterat	UnIterat	NoRightmostPlacement	NotLeftConjunct	PersonFirst	PersonSecond	PersonThird	PersonZero	Active	VoiceSya	Passive	VerbIntransitive	VerbIntransitiveSpecial	VerbTransitive	VerbTransitiveSpecial	NotRightConjunct	NoSpecialCaseForm	NoContrast	NormalCapitalization	PO_Prefixoid	Rus_Prefixoid	VPOL_Prefixoid	NE_Prefixoid	Eval_Prefixoid	Intern_Prefixoid	Reduced_Prefixoid	InternHy_Prefixoid	Letter_Prefixoid	BEZ_Prefixoid	BES_Prefixoid	BEZer_Prefixoid	V_Prefixoid	InternModEr_Prefixoid	RusHy_Prefixoid	NAI_Prefixoid	POL_Prefixoid	NI_Prefixoid	KOE_Prefixoid	Intern_ReducedPrefixoid	InternMod_Prefixoid	Chem_Prefixoid	ProperNamePrefixoid	Chemical_Possible	ParticipleFullForm	ParticipleShortForm	Singular	FiveAndMore	Three	Four	Two	SevenEight	AdjectiveFullForm	AdjectiveShortForm	AdjectiveShortFlectional	NounProperGeneral	NounProperSurNameFlective	NounProperTown	NounProperName	AdjectiveProper	NounProperPatronymic	NounProperNameDimin	AbbrProperGeneral	NounProperSurNameForeign	NormalNumberParadigm	FullRealization
3	32	Российской	Российской	188414	188413	Animate	Inanimate	Animate	Inanimate	Reflexive	FullReflexivity	NonReflexive	ImperfectiveReflexivity	Reflexive	FullReflexivity	NonReflexive	ImperfectiveReflexivity	NormalMorphForm	NormalMorphForm	NormalMorphForm	NormalMorphForm	DefectOne	DefectTwo	Byt	DefectThree	DefectFour	DefectOne	DefectTwo	Byt	DefectThree	DefectFour	GTAdjectiveAttributive	GTAdjectiveAttributive	GTNoun	NotEllipted	NotEllipted	NotEllipted	NotEllipted	VocalForm	NForm	VocalForm	NForm	NotControlled	NotControlled	NotControlled	NotControlled	ZeroTypeOfCoordination	ZeroTypeOfCoordination	ZeroTypeOfCoordination	ZeroTypeOfCoordination	NoCompositeness	NoCompositeness	DegreePositive	DegreeComparative	DegreePositive	DegreeSuperlative	Adverb_Un_Hyphen	Adverb_With_Hyphen	Adverb_Un_Hyphen	Adverb_With_Hyphen	DeclensionAdjectival	DeclensionNominal	DeclensionMixed	Indeclinable	DeclensionAdjectival	DeclensionNominal	DeclensionMixed	Indeclinable	Un_Comp_Suf	Un_Comp_Suf	Comp_PunctuatorPostSeparable	Comp_PunctuatorPrefSeparable	Comp_Noun	Comp_Adj	BiAspectual	MonoAspectual	Paired	BiAspectual	MonoAspectual	Paired	NoSynthComparative	FullSynthComparison	NoSynthComparative	NoSynthSuperlative	OnlySuperlative	MOne	MTwo	MThree	MOne	MTwo	MThree	NormalClassifyingCapitalization	NormalClassifyingCapitalization	NormalClassifyingCapitalization	NormalClassifyingCapitalization	Future	Past	Present	Future	Past	Present	Adjective	Adjective	Noun	ZeroDoubleConjunct	ZeroDoubleConjunct	ZeroDoubleConjunct	ZeroDoubleConjunct	NotCommonChild	NotCommonChild	NotCommonChild	NotCommonChild	Dative	Genitive	Instrumental	Locative	Partitive	Prepositional	Accusative	Dative	Genitive	Instrumental	Locative	Nominative	Partitive	Prepositional	RCDemonstrative	RCAttributive	RCPossessive	RCIndefinite	RCPersonal	RCInterrogative	RCNegative	RCReflexive	RCNoun	RCDemonstrative	RCAttributive	RCPossessive	RCIndefinite	RCPersonal	RCInterrogative	RCNegative	RCReflexive	RCNoun	NoPlacement	NoPlacement	NoPlacement	NoPlacement	Imperfective	Perfective	Imperfective	Perfective	NotDefaultFiller	NotDefaultFiller	NotDefaultFiller	NotDefaultFiller	Feminine	Feminine	Masculine	Neuter	Common	NoLeftmostPlacement	NoLeftmostPlacement	NoLeftmostPlacement	NoLeftmostPlacement	Iterat	UnIterat	Iterat	UnIterat	NoRightmostPlacement	NoRightmostPlacement	NoRightmostPlacement	NoRightmostPlacement	NotLeftConjunct	NotLeftConjunct	NotLeftConjunct	NotLeftConjunct	PersonFirst	PersonSecond	PersonThird	PersonZero	PersonFirst	PersonSecond	PersonThird	PersonZero	Active	VoiceSya	Passive	Active	VoiceSya	Passive	VerbIntransitive	VerbIntransitiveSpecial	VerbTransitive	VerbTransitiveSpecial	VerbIntransitive	VerbIntransitiveSpecial	VerbTransitive	VerbTransitiveSpecial	NotRightConjunct	NotRightConjunct	NotRightConjunct	NotRightConjunct	NoSpecialCaseForm	Locative_u	Genitive_u	Plural_consonant	Genitive_Locative_u	GenitivePlural_Zero	NominativePlural_a	SpecialPlual	SpecialVocative	NoSpecialCaseForm	Locative_u	Genitive_u	Plural_consonant	Genitive_Locative_u	GenitivePlural_Zero	NominativePlural_a	SpecialPlual	SpecialVocative	NoContrast	NoContrast	NoContrast	NoContrast	NormalCapitalization	NormalCapitalization	NormalCapitalization	NormalCapitalization	PO_Prefixoid	Rus_Prefixoid	VPOL_Prefixoid	NE_Prefixoid	Eval_Prefixoid	Intern_Prefixoid	Reduced_Prefixoid	InternHy_Prefixoid	Letter_Prefixoid	BEZ_Prefixoid	BES_Prefixoid	BEZer_Prefixoid	V_Prefixoid	InternModEr_Prefixoid	RusHy_Prefixoid	NAI_Prefixoid	POL_Prefixoid	NI_Prefixoid	KOE_Prefixoid	Intern_ReducedPrefixoid	InternMod_Prefixoid	Chem_Prefixoid	ProperNamePrefixoid	Chemical_Possible	PO_Prefixoid	Rus_Prefixoid	VPOL_Prefixoid	NE_Prefixoid	Eval_Prefixoid	Intern_Prefixoid	Reduced_Prefixoid	InternHy_Prefixoid	Letter_Prefixoid	BEZ_Prefixoid	BES_Prefixoid	BEZer_Prefixoid	V_Prefixoid	InternModEr_Prefixoid	RusHy_Prefixoid	NAI_Prefixoid	POL_Prefixoid	NI_Prefixoid	KOE_Prefixoid	Intern_ReducedPrefixoid	InternMod_Prefixoid	Chem_Prefixoid	ProperNamePrefixoid	Chemical_Possible	ParticipleFullForm	ParticipleShortForm	ParticipleFullForm	ParticipleShortForm	Singular	Plural	Singular	FiveAndMore	Three	Four	Two	SevenEight	FiveAndMore	Three	Four	Two	SevenEight	AdjectiveFullForm	AdjectiveFullForm	AdjectiveShortForm	AdjectiveShortFlectional	NounProperGeneral	NounProperSurNameFlective	NounProperTown	NounProperName	AdjectiveProper	NounProperPatronymic	NounProperNameDimin	AbbrProperGeneral	NounProperSurNameForeign	NounProperGeneral	NounProperSurNameFlective	NounProperTown	NounProperName	AdjectiveProper	NounProperPatronymic	NounProperNameDimin	AbbrProperGeneral	NounProperSurNameForeign	NormalNumberParadigm	NormalNumberParadigm	NormalNumberParadigm	SingulariaTantum	NormalNumberParadigm	FullRealization	FullRealization	FullRealization	FullRealization
3	43	Федерации	Федерации	188413	188412	Inanimate	Reflexive	FullReflexivity	NonReflexive	ImperfectiveReflexivity	NormalMorphForm	DefectOne	DefectTwo	Byt	DefectThree	DefectFour	GTNoun	NotEllipted	VocalForm	NForm	NotControlled	ZeroTypeOfCoordination	NoCompositeness	DegreeComparative	DegreePositive	DegreeSuperlative	Adverb_Un_Hyphen	Adverb_With_Hyphen	DeclensionNominal	Un_Comp_Suf	BiAspectual	MonoAspectual	Paired	FullSynthComparison	NoSynthComparative	NoSynthSuperlative	OnlySuperlative	MOne	MTwo	MThree	NormalClassifyingCapitalization	Future	Past	Present	Noun	ZeroDoubleConjunct	NotCommonChild	Accusative	Dative	Genitive	Locative	Nominative	Partitive	Prepositional	RCDemonstrative	RCAttributive	RCPossessive	RCIndefinite	RCPersonal	RCInterrogative	RCNegative	RCReflexive	RCNoun	NoPlacement	Imperfective	Perfective	NotDefaultFiller	Feminine	NoLeftmostPlacement	Iterat	UnIterat	NoRightmostPlacement	NotLeftConjunct	PersonFirst	PersonSecond	PersonThird	PersonZero	Active	VoiceSya	Passive	VerbIntransitive	VerbIntransitiveSpecial	VerbTransitive	VerbTransitiveSpecial	NotRightConjunct	NoSpecialCaseForm	NoContrast	NormalCapitalization	PO_Prefixoid	Rus_Prefixoid	VPOL_Prefixoid	NE_Prefixoid	Eval_Prefixoid	Intern_Prefixoid	Reduced_Prefixoid	InternHy_Prefixoid	Letter_Prefixoid	BEZ_Prefixoid	BES_Prefixoid	BEZer_Prefixoid	V_Prefixoid	InternModEr_Prefixoid	RusHy_Prefixoid	NAI_Prefixoid	POL_Prefixoid	NI_Prefixoid	KOE_Prefixoid	Intern_ReducedPrefixoid	InternMod_Prefixoid	Chem_Prefixoid	ProperNamePrefixoid	Chemical_Possible	ParticipleFullForm	ParticipleShortForm	Plural	Singular	FiveAndMore	Three	Four	Two	SevenEight	AdjectiveFullForm	AdjectiveShortForm	AdjectiveShortFlectional	NounProperGeneral	NounProperSurNameFlective	NounProperTown	NounProperName	AdjectiveProper	NounProperPatronymic	NounProperNameDimin	AbbrProperGeneral	NounProperSurNameForeign	NormalNumberParadigm	FullRealization
3	52	</annotation>	</annotation>	188415	-1
3	53	/annotation	/annotation	188416	188415	ZeroTypeOfCoordination	NoPlacement	NormalCapitalization	NotDefaultFiller	NoContrast	NoLeftmostPlacement	FullRealization	NoRightmostPlacement	NormalNumberParadigm	NotLeftConjunct	NormalClassifyingCapitalization	ZeroDoubleConjunct	NotCommonChild	NotEllipted	NormalMorphForm	NotControlled	NotRightConjunct
271	-1			188464	-1
271	-1			188467	188466
271	-1			188468	-1
271	0	Фурсенко	Фурсенко	188465	188464	Animate	Reflexive	FullReflexivity	NonReflexive	ImperfectiveReflexivity	NormalMorphForm	DefectOne	DefectTwo	Byt	DefectThree	DefectFour	GTNoun	NotEllipted	VocalForm	NForm	NotControlled	ZeroTypeOfCoordination	NoCompositeness	DegreeComparative	DegreePositive	DegreeSuperlative	Adverb_Un_Hyphen	Adverb_With_Hyphen	Indeclinable	Un_Comp_Suf	BiAspectual	MonoAspectual	Paired	FullSynthComparison	NoSynthComparative	NoSynthSuperlative	OnlySuperlative	MOne	MTwo	MThree	NormalClassifyingCapitalization	Future	Past	Present	Noun	ZeroDoubleConjunct	NotCommonChild	Accusative	Dative	Genitive	Instrumental	Locative	Nominative	Partitive	Prepositional	RCDemonstrative	RCAttributive	RCPossessive	RCIndefinite	RCPersonal	RCInterrogative	RCNegative	RCReflexive	RCNoun	NoPlacement	Imperfective	Perfective	NotDefaultFiller	Common	NoLeftmostPlacement	Iterat	UnIterat	NoRightmostPlacement	NotLeftConjunct	PersonFirst	PersonSecond	PersonThird	PersonZero	Active	VoiceSya	Passive	VerbIntransitive	VerbIntransitiveSpecial	VerbTransitive	VerbTransitiveSpecial	NotRightConjunct	NoSpecialCaseForm	NoContrast	NormalCapitalization	PO_Prefixoid	Rus_Prefixoid	VPOL_Prefixoid	NE_Prefixoid	Eval_Prefixoid	Intern_Prefixoid	Reduced_Prefixoid	InternHy_Prefixoid	Letter_Prefixoid	BEZ_Prefixoid	BES_Prefixoid	BEZer_Prefixoid	V_Prefixoid	InternModEr_Prefixoid	RusHy_Prefixoid	NAI_Prefixoid	POL_Prefixoid	NI_Prefixoid	KOE_Prefixoid	Intern_ReducedPrefixoid	InternMod_Prefixoid	Chem_Prefixoid	ProperNamePrefixoid	Chemical_Possible	ParticipleFullForm	ParticipleShortForm	Plural	Singular	FiveAndMore	Three	Four	Two	SevenEight	AdjectiveFullForm	AdjectiveShortForm	AdjectiveShortFlectional	NounProperSurNameForeign	NormalNumberParadigm	FullRealization
271	9	женат	женат	188466	188464	Animate	Inanimate	Reflexive	FullReflexivity	NonReflexive	ImperfectiveReflexivity	NormalMorphForm	DefectOne	DefectTwo	Byt	DefectThree	DefectFour	GTAdjective	NotEllipted	VocalForm	NForm	NotControlled	ZeroTypeOfCoordination	NoCompositeness	DegreePositive	Adverb_Un_Hyphen	Adverb_With_Hyphen	DeclensionAdjectival	DeclensionNominal	DeclensionMixed	Indeclinable	Un_Comp_Suf	BiAspectual	MonoAspectual	Paired	NoSynthComparative	MOne	MTwo	MThree	NormalClassifyingCapitalization	Future	Past	Present	Adjective	ZeroDoubleConjunct	NotCommonChild	ZeroCase	RCDemonstrative	RCAttributive	RCPossessive	RCIndefinite	RCPersonal	RCInterrogative	RCNegative	RCReflexive	RCNoun	NoPlacement	Imperfective	Perfective	NotDefaultFiller	Masculine	NoLeftmostPlacement	Iterat	UnIterat	NoRightmostPlacement	NotLeftConjunct	PersonFirst	PersonSecond	PersonThird	PersonZero	Active	VoiceSya	Passive	VerbIntransitive	VerbIntransitiveSpecial	VerbTransitive	VerbTransitiveSpecial	NotRightConjunct	NoSpecialCaseForm	Locative_u	Genitive_u	Plural_consonant	Genitive_Locative_u	GenitivePlural_Zero	NominativePlural_a	SpecialPlual	SpecialVocative	NoContrast	NormalCapitalization	PO_Prefixoid	Rus_Prefixoid	VPOL_Prefixoid	NE_Prefixoid	Eval_Prefixoid	Intern_Prefixoid	Reduced_Prefixoid	InternHy_Prefixoid	Letter_Prefixoid	BEZ_Prefixoid	BES_Prefixoid	BEZer_Prefixoid	V_Prefixoid	InternModEr_Prefixoid	RusHy_Prefixoid	NAI_Prefixoid	POL_Prefixoid	NI_Prefixoid	KOE_Prefixoid	Intern_ReducedPrefixoid	InternMod_Prefixoid	Chem_Prefixoid	ProperNamePrefixoid	Chemical_Possible	ParticipleFullForm	ParticipleShortForm	Singular	FiveAndMore	Three	Four	Two	SevenEight	AdjectiveShortForm	NounProperGeneral	NounProperSurNameFlective	NounProperTown	NounProperName	AdjectiveProper	NounProperPatronymic	NounProperNameDimin	AbbrProperGeneral	NounProperSurNameForeign	NormalNumberParadigm	FullRealization
271	16	жена	жена	188469	188468	Animate	Reflexive	FullReflexivity	NonReflexive	ImperfectiveReflexivity	NormalMorphForm	DefectOne	DefectTwo	Byt	DefectThree	DefectFour	GTNoun	NotEllipted	VocalForm	NForm	NotControlled	ZeroTypeOfCoordination	NoCompositeness	DegreeComparative	DegreePositive	DegreeSuperlative	Adverb_Un_Hyphen	Adverb_With_Hyphen	DeclensionNominal	Un_Comp_Suf	BiAspectual	MonoAspectual	Paired	FullSynthComparison	NoSynthComparative	NoSynthSuperlative	OnlySuperlative	MOne	MTwo	MThree	NormalClassifyingCapitalization	Future	Past	Present	Noun	ZeroDoubleConjunct	NotCommonChild	Nominative	RCDemonstrative	RCAttributive	RCPossessive	RCIndefinite	RCPersonal	RCInterrogative	RCNegative	RCReflexive	RCNoun	NoPlacement	Imperfective	Perfective	NotDefaultFiller	Feminine	NoLeftmostPlacement	Iterat	UnIterat	NoRightmostPlacement	NotLeftConjunct	PersonFirst	PersonSecond	PersonThird	PersonZero	Active	VoiceSya	Passive	VerbIntransitive	VerbIntransitiveSpecial	VerbTransitive	VerbTransitiveSpecial	NotRightConjunct	NoSpecialCaseForm	NoContrast	NormalCapitalization	PO_Prefixoid	Rus_Prefixoid	VPOL_Prefixoid	NE_Prefixoid	Eval_Prefixoid	Intern_Prefixoid	Reduced_Prefixoid	InternHy_Prefixoid	Letter_Prefixoid	BEZ_Prefixoid	BES_Prefixoid	BEZer_Prefixoid	V_Prefixoid	InternModEr_Prefixoid	RusHy_Prefixoid	NAI_Prefixoid	POL_Prefixoid	NI_Prefixoid	KOE_Prefixoid	Intern_ReducedPrefixoid	InternMod_Prefixoid	Chem_Prefixoid	ProperNamePrefixoid	Chemical_Possible	ParticipleFullForm	ParticipleShortForm	Singular	FiveAndMore	Three	Four	Two	SevenEight	AdjectiveFullForm	AdjectiveShortForm	AdjectiveShortFlectional	NounProperGeneral	NounProperSurNameFlective	NounProperTown	NounProperName	AdjectiveProper	NounProperPatronymic	NounProperNameDimin	AbbrProperGeneral	NounProperSurNameForeign	NormalNumberParadigm	FullRealization
271	23	Татьяна	Татьяна	188470	188468	Animate	Reflexive	FullReflexivity	NonReflexive	ImperfectiveReflexivity	NormalMorphForm	NormalMorphForm	DefectOne	DefectTwo	Byt	DefectThree	DefectFour	GTNoun	NotEllipted	NotEllipted	VocalForm	NForm	NotControlled	NotControlled	ZeroTypeOfCoordination	ZeroTypeOfCoordination	NoCompositeness	DegreeComparative	DegreePositive	DegreeSuperlative	Adverb_Un_Hyphen	Adverb_With_Hyphen	DeclensionNominal	Un_Comp_Suf	BiAspectual	MonoAspectual	Paired	FullSynthComparison	NoSynthComparative	NoSynthSuperlative	OnlySuperlative	MOne	MTwo	MThree	NormalClassifyingCapitalization	NormalClassifyingCapitalization	Future	Past	Present	Noun	ZeroDoubleConjunct	ZeroDoubleConjunct	NotCommonChild	NotCommonChild	Nominative	RCDemonstrative	RCAttributive	RCPossessive	RCIndefinite	RCPersonal	RCInterrogative	RCNegative	RCReflexive	RCNoun	NoPlacement	NoPlacement	Imperfective	Perfective	NotDefaultFiller	NotDefaultFiller	Feminine	NoLeftmostPlacement	NoLeftmostPlacement	Iterat	UnIterat	NoRightmostPlacement	NoRightmostPlacement	NotLeftConjunct	NotLeftConjunct	PersonFirst	PersonSecond	PersonThird	PersonZero	Active	VoiceSya	Passive	VerbIntransitive	VerbIntransitiveSpecial	VerbTransitive	VerbTransitiveSpecial	NotRightConjunct	NotRightConjunct	SpecialVocative	NoContrast	NoContrast	NormalCapitalization	NormalCapitalization	PO_Prefixoid	Rus_Prefixoid	VPOL_Prefixoid	NE_Prefixoid	Eval_Prefixoid	Intern_Prefixoid	Reduced_Prefixoid	InternHy_Prefixoid	Letter_Prefixoid	BEZ_Prefixoid	BES_Prefixoid	BEZer_Prefixoid	V_Prefixoid	InternModEr_Prefixoid	RusHy_Prefixoid	NAI_Prefixoid	POL_Prefixoid	NI_Prefixoid	KOE_Prefixoid	Intern_ReducedPrefixoid	InternMod_Prefixoid	Chem_Prefixoid	ProperNamePrefixoid	Chemical_Possible	ParticipleFullForm	ParticipleShortForm	Singular	FiveAndMore	Three	Four	Two	SevenEight	AdjectiveFullForm	AdjectiveShortForm	AdjectiveShortFlectional	NounProperName	NormalNumberParadigm	NormalNumberParadigm	FullRealization	FullRealization
271	31	Фурсенко	Фурсенко	188471	188470	Animate	Reflexive	FullReflexivity	NonReflexive	ImperfectiveReflexivity	NormalMorphForm	DefectOne	DefectTwo	Byt	DefectThree	DefectFour	GTNoun	NotEllipted	VocalForm	NForm	NotControlled	ZeroTypeOfCoordination	NoCompositeness	DegreeComparative	DegreePositive	DegreeSuperlative	Adverb_Un_Hyphen	Adverb_With_Hyphen	Indeclinable	Un_Comp_Suf	BiAspectual	MonoAspectual	Paired	FullSynthComparison	NoSynthComparative	NoSynthSuperlative	OnlySuperlative	MOne	MTwo	MThree	NormalClassifyingCapitalization	Future	Past	Present	Noun	ZeroDoubleConjunct	NotCommonChild	Accusative	Dative	Genitive	Instrumental	Locative	Nominative	Partitive	Prepositional	RCDemonstrative	RCAttributive	RCPossessive	RCIndefinite	RCPersonal	RCInterrogative	RCNegative	RCReflexive	RCNoun	NoPlacement	Imperfective	Perfective	NotDefaultFiller	Common	NoLeftmostPlacement	Iterat	UnIterat	NoRightmostPlacement	NotLeftConjunct	PersonFirst	PersonSecond	PersonThird	PersonZero	Active	VoiceSya	Passive	VerbIntransitive	VerbIntransitiveSpecial	VerbTransitive	VerbTransitiveSpecial	NotRightConjunct	NoSpecialCaseForm	NoContrast	NormalCapitalization	PO_Prefixoid	Rus_Prefixoid	VPOL_Prefixoid	NE_Prefixoid	Eval_Prefixoid	Intern_Prefixoid	Reduced_Prefixoid	InternHy_Prefixoid	Letter_Prefixoid	BEZ_Prefixoid	BES_Prefixoid	BEZer_Prefixoid	V_Prefixoid	InternModEr_Prefixoid	RusHy_Prefixoid	NAI_Prefixoid	POL_Prefixoid	NI_Prefixoid	KOE_Prefixoid	Intern_ReducedPrefixoid	InternMod_Prefixoid	Chem_Prefixoid	ProperNamePrefixoid	Chemical_Possible	ParticipleFullForm	ParticipleShortForm	Plural	Singular	FiveAndMore	Three	Four	Two	SevenEight	AdjectiveFullForm	AdjectiveShortForm	AdjectiveShortFlectional	NounProperSurNameForeign	NormalNumberParadigm	FullRealization
275	-1			188483	188482
275	-1			188490	188482
275	0	Он	Он	188480	188479	Animate	Inanimate	Reflexive	FullReflexivity	NonReflexive	ImperfectiveReflexivity	NormalMorphForm	DefectOne	DefectTwo	Byt	DefectThree	DefectFour	GTNoun	NotEllipted	VocalForm	NForm	NotControlled	ZeroTypeOfCoordination	Composite_ski	Composite_iko	Composite_sko	NoCompositeness	Composite_o	Composite_e	Composite_usek	Composite_null	Composite_Numeral	Composite_cko	Composite_cki	Composite_ComplexNumeral	Composite_NumeralFull	Composite_NumeralShort	DegreeComparative	DegreePositive	DegreeSuperlative	Adverb_Un_Hyphen	Adverb_With_Hyphen	DeclensionAdjectival	DeclensionNominal	DeclensionMixed	Indeclinable	Comp_Suffixoid	Un_Comp_Suf	Comp_Suffixoid_Num_OJ	Comp_Suffixoid_Num_YJ	Comp_Suffixoid_Num_IJ	Comp_Suffixoid_Num_J	Comp_PunctuatorPost	Comp_PunctuatorPref	Comp_PunctuatorPostSeparable	Comp_PunctuatorPrefSeparable	Comp_Prefixoid	Comp_Suffixoid_Num_PercentYJ	Comp_Noun	Comp_Suffixoid_Chem	Comp_Adj	Comp_SuffixoidAbbr	BiAspectual	MonoAspectual	Paired	FullSynthComparison	NoSynthComparative	NoSynthSuperlative	OnlySuperlative	MOne	MTwo	MThree	NormalClassifyingCapitalization	Future	Past	Present	Pronoun	ZeroDoubleConjunct	NotCommonChild	Nominative	RCPersonal	NoPlacement	Imperfective	Perfective	NotDefaultFiller	Masculine	NoLeftmostPlacement	Iterat	UnIterat	NoRightmostPlacement	NotLeftConjunct	PersonThird	Active	VoiceSya	Passive	VerbIntransitive	VerbIntransitiveSpecial	VerbTransitive	VerbTransitiveSpecial	NotRightConjunct	NoSpecialCaseForm	Locative_u	Genitive_u	Plural_consonant	Genitive_Locative_u	GenitivePlural_Zero	NominativePlural_a	SpecialPlual	SpecialVocative	NoContrast	NormalCapitalization	PO_Prefixoid	Rus_Prefixoid	VPOL_Prefixoid	NE_Prefixoid	Eval_Prefixoid	Intern_Prefixoid	Reduced_Prefixoid	InternHy_Prefixoid	Letter_Prefixoid	BEZ_Prefixoid	BES_Prefixoid	BEZer_Prefixoid	V_Prefixoid	InternModEr_Prefixoid	RusHy_Prefixoid	NAI_Prefixoid	POL_Prefixoid	NI_Prefixoid	KOE_Prefixoid	Intern_ReducedPrefixoid	InternMod_Prefixoid	Chem_Prefixoid	ProperNamePrefixoid	Chemical_Possible	ParticipleFullForm	ParticipleShortForm	Singular	FiveAndMore	Three	Four	Two	SevenEight	AdjectiveFullForm	AdjectiveShortForm	AdjectiveShortFlectional	NounProperGeneral	NounProperSurNameFlective	NounProperTown	NounProperName	AdjectiveProper	NounProperPatronymic	NounProperNameDimin	AbbrProperGeneral	NounProperSurNameForeign	NormalNumberParadigm	FullRealization
275	3	окончил	окончил	188479	-1	Animate	Inanimate	FullReflexivity	NormalMorphForm	DefectOne	DefectTwo	Byt	DefectThree	DefectFour	GTVerb	NotEllipted	VocalForm	NForm	NotControlled	ZeroTypeOfCoordination	Composite_ski	Composite_iko	Composite_sko	NoCompositeness	Composite_o	Composite_e	Composite_usek	Composite_null	Composite_Numeral	Composite_cko	Composite_cki	Composite_ComplexNumeral	Composite_NumeralFull	Composite_NumeralShort	DegreeComparative	DegreePositive	DegreeSuperlative	Adverb_Un_Hyphen	Adverb_With_Hyphen	DeclensionAdjectival	DeclensionNominal	DeclensionMixed	Indeclinable	Comp_Suffixoid	Un_Comp_Suf	Comp_Suffixoid_Num_OJ	Comp_Suffixoid_Num_YJ	Comp_Suffixoid_Num_IJ	Comp_Suffixoid_Num_J	Comp_PunctuatorPost	Comp_PunctuatorPref	Comp_PunctuatorPostSeparable	Comp_PunctuatorPrefSeparable	Comp_Prefixoid	Comp_Suffixoid_Num_PercentYJ	Comp_Noun	Comp_Suffixoid_Chem	Comp_Adj	Comp_SuffixoidAbbr	Paired	FullSynthComparison	NoSynthComparative	NoSynthSuperlative	OnlySuperlative	MOne	MTwo	MThree	NormalClassifyingCapitalization	Past	Verb	ZeroDoubleConjunct	NotCommonChild	Accusative	Dative	Genitive	Instrumental	Locative	Nominative	Partitive	Prepositional	DativeSpecial	ZeroCase	Vocative	RCDemonstrative	RCAttributive	RCPossessive	RCIndefinite	RCPersonal	RCInterrogative	RCNegative	RCReflexive	RCNoun	NoPlacement	Perfective	NotDefaultFiller	Masculine	NoLeftmostPlacement	UnIterat	NoRightmostPlacement	NotLeftConjunct	PersonFirst	PersonSecond	PersonThird	PersonZero	Active	VerbTransitive	NotRightConjunct	NoSpecialCaseForm	Locative_u	Genitive_u	Plural_consonant	Genitive_Locative_u	GenitivePlural_Zero	NominativePlural_a	SpecialPlual	SpecialVocative	NoContrast	NormalCapitalization	PO_Prefixoid	Rus_Prefixoid	VPOL_Prefixoid	NE_Prefixoid	Eval_Prefixoid	Intern_Prefixoid	Reduced_Prefixoid	InternHy_Prefixoid	Letter_Prefixoid	BEZ_Prefixoid	BES_Prefixoid	BEZer_Prefixoid	V_Prefixoid	InternModEr_Prefixoid	RusHy_Prefixoid	NAI_Prefixoid	POL_Prefixoid	NI_Prefixoid	KOE_Prefixoid	Intern_ReducedPrefixoid	InternMod_Prefixoid	Chem_Prefixoid	ProperNamePrefixoid	Chemical_Possible	ParticipleFullForm	ParticipleShortForm	Singular	FiveAndMore	Three	Four	Two	SevenEight	AdjectiveFullForm	AdjectiveShortForm	AdjectiveShortFlectional	NounProperGeneral	NounProperSurNameFlective	NounProperTown	NounProperName	AdjectiveProper	NounProperPatronymic	NounProperNameDimin	AbbrProperGeneral	NounProperSurNameForeign	NormalNumberParadigm	FullRealization
275	11	ФТИ	ФТИ	188481	188479	ZeroTypeOfCoordination	NoPlacement	NormalCapitalization	NotDefaultFiller	NoContrast	NoLeftmostPlacement	FullRealization	NoRightmostPlacement	NormalNumberParadigm	NotLeftConjunct	NormalClassifyingCapitalization	ZeroDoubleConjunct	NotCommonChild	NotEllipted	NormalMorphForm	NotControlled	NotRightConjunct
275	16	работал	работал	188482	-1	Animate	Inanimate	FullReflexivity	NormalMorphForm	DefectOne	DefectTwo	Byt	DefectThree	DefectFour	GTVerb	NotEllipted	VocalForm	NForm	NotControlled	ZeroTypeOfCoordination	Composite_ski	Composite_iko	Composite_sko	NoCompositeness	Composite_o	Composite_e	Composite_usek	Composite_null	Composite_Numeral	Composite_cko	Composite_cki	Composite_ComplexNumeral	Composite_NumeralFull	Composite_NumeralShort	DegreeComparative	DegreePositive	DegreeSuperlative	Adverb_Un_Hyphen	Adverb_With_Hyphen	DeclensionAdjectival	DeclensionNominal	DeclensionMixed	Indeclinable	Comp_Suffixoid	Un_Comp_Suf	Comp_Suffixoid_Num_OJ	Comp_Suffixoid_Num_YJ	Comp_Suffixoid_Num_IJ	Comp_Suffixoid_Num_J	Comp_PunctuatorPost	Comp_PunctuatorPref	Comp_PunctuatorPostSeparable	Comp_PunctuatorPrefSeparable	Comp_Prefixoid	Comp_Suffixoid_Num_PercentYJ	Comp_Noun	Comp_Suffixoid_Chem	Comp_Adj	Comp_SuffixoidAbbr	MonoAspectual	FullSynthComparison	NoSynthComparative	NoSynthSuperlative	OnlySuperlative	MOne	MTwo	MThree	NormalClassifyingCapitalization	Past	Verb	ZeroDoubleConjunct	NotCommonChild	Accusative	Dative	Genitive	Instrumental	Locative	Nominative	Partitive	Prepositional	DativeSpecial	ZeroCase	Vocative	RCDemonstrative	RCAttributive	RCPossessive	RCIndefinite	RCPersonal	RCInterrogative	RCNegative	RCReflexive	RCNoun	NoPlacement	Imperfective	NotDefaultFiller	Masculine	NoLeftmostPlacement	UnIterat	NoRightmostPlacement	NotLeftConjunct	PersonFirst	PersonSecond	PersonThird	PersonZero	Active	VerbIntransitive	NotRightConjunct	NoSpecialCaseForm	Locative_u	Genitive_u	Plural_consonant	Genitive_Locative_u	GenitivePlural_Zero	NominativePlural_a	SpecialPlual	SpecialVocative	NoContrast	NormalCapitalization	PO_Prefixoid	Rus_Prefixoid	VPOL_Prefixoid	NE_Prefixoid	Eval_Prefixoid	Intern_Prefixoid	Reduced_Prefixoid	InternHy_Prefixoid	Letter_Prefixoid	BEZ_Prefixoid	BES_Prefixoid	BEZer_Prefixoid	V_Prefixoid	InternModEr_Prefixoid	RusHy_Prefixoid	NAI_Prefixoid	POL_Prefixoid	NI_Prefixoid	KOE_Prefixoid	Intern_ReducedPrefixoid	InternMod_Prefixoid	Chem_Prefixoid	ProperNamePrefixoid	Chemical_Possible	ParticipleFullForm	ParticipleShortForm	Singular	FiveAndMore	Three	Four	Two	SevenEight	AdjectiveFullForm	AdjectiveShortForm	AdjectiveShortFlectional	NounProperGeneral	NounProperSurNameFlective	NounProperTown	NounProperName	AdjectiveProper	NounProperPatronymic	NounProperNameDimin	AbbrProperGeneral	NounProperSurNameForeign	NormalNumberParadigm	FullRealization
275	24	в	в	188484	188483	Animate	Inanimate	Inanimate	Reflexive	FullReflexivity	NonReflexive	ImperfectiveReflexivity	Reflexive	FullReflexivity	NonReflexive	ImperfectiveReflexivity	NormalMorphForm	NormalMorphForm	DefectOne	DefectTwo	Byt	DefectThree	DefectFour	DefectOne	DefectTwo	Byt	DefectThree	DefectFour	GTInvariable	GTNoun	NotEllipted	NotEllipted	VocalForm	NForm	VocalForm	NForm	NotControlled	NotControlled	ZeroTypeOfCoordination	ZeroTypeOfCoordination	Composite_ski	Composite_iko	Composite_sko	NoCompositeness	Composite_o	Composite_e	Composite_usek	Composite_null	Composite_Numeral	Composite_cko	Composite_cki	Composite_ComplexNumeral	Composite_NumeralFull	Composite_NumeralShort	NoCompositeness	DegreeComparative	DegreePositive	DegreeSuperlative	DegreeComparative	DegreePositive	DegreeSuperlative	Adverb_Un_Hyphen	Adverb_With_Hyphen	Adverb_Un_Hyphen	Adverb_With_Hyphen	DeclensionAdjectival	DeclensionNominal	DeclensionMixed	Indeclinable	Indeclinable	Comp_Suffixoid	Un_Comp_Suf	Comp_Suffixoid_Num_OJ	Comp_Suffixoid_Num_YJ	Comp_Suffixoid_Num_IJ	Comp_Suffixoid_Num_J	Comp_PunctuatorPost	Comp_PunctuatorPref	Comp_PunctuatorPostSeparable	Comp_PunctuatorPrefSeparable	Comp_Prefixoid	Comp_Suffixoid_Num_PercentYJ	Comp_Noun	Comp_Suffixoid_Chem	Comp_Adj	Comp_SuffixoidAbbr	Comp_PunctuatorPostSeparable	BiAspectual	MonoAspectual	Paired	BiAspectual	MonoAspectual	Paired	FullSynthComparison	NoSynthComparative	NoSynthSuperlative	OnlySuperlative	FullSynthComparison	NoSynthComparative	NoSynthSuperlative	OnlySuperlative	MOne	MTwo	MThree	MOne	MTwo	MThree	NormalClassifyingCapitalization	NormalClassifyingCapitalization	Future	Past	Present	Future	Past	Present	Preposition	Noun	ZeroDoubleConjunct	ZeroDoubleConjunct	NotCommonChild	NotCommonChild	Accusative	Dative	Genitive	Instrumental	Locative	Nominative	Partitive	Prepositional	DativeSpecial	ZeroCase	Vocative	Accusative	Dative	Genitive	Instrumental	Locative	Nominative	Partitive	Prepositional	RCDemonstrative	RCAttributive	RCPossessive	RCIndefinite	RCPersonal	RCInterrogative	RCNegative	RCReflexive	RCNoun	RCDemonstrative	RCAttributive	RCPossessive	RCIndefinite	RCPersonal	RCInterrogative	RCNegative	RCReflexive	RCNoun	NoPlacement	NoPlacement	Imperfective	Perfective	Imperfective	Perfective	NotDefaultFiller	NotDefaultFiller	Feminine	Masculine	Neuter	Common	Masculine	NoLeftmostPlacement	NoLeftmostPlacement	Iterat	UnIterat	Iterat	UnIterat	NoRightmostPlacement	NoRightmostPlacement	NotLeftConjunct	NotLeftConjunct	PersonFirst	PersonSecond	PersonThird	PersonZero	PersonFirst	PersonSecond	PersonThird	PersonZero	Active	VoiceSya	Passive	Active	VoiceSya	Passive	VerbIntransitive	VerbIntransitiveSpecial	VerbTransitive	VerbTransitiveSpecial	VerbIntransitive	VerbIntransitiveSpecial	VerbTransitive	VerbTransitiveSpecial	NotRightConjunct	NotRightConjunct	NoSpecialCaseForm	Locative_u	Genitive_u	Plural_consonant	Genitive_Locative_u	GenitivePlural_Zero	NominativePlural_a	SpecialPlual	SpecialVocative	NoSpecialCaseForm	Locative_u	Genitive_u	Plural_consonant	Genitive_Locative_u	GenitivePlural_Zero	NominativePlural_a	SpecialPlual	SpecialVocative	NoContrast	NoContrast	NormalCapitalization	NormalCapitalization	PO_Prefixoid	Rus_Prefixoid	VPOL_Prefixoid	NE_Prefixoid	Eval_Prefixoid	Intern_Prefixoid	Reduced_Prefixoid	InternHy_Prefixoid	Letter_Prefixoid	BEZ_Prefixoid	BES_Prefixoid	BEZer_Prefixoid	V_Prefixoid	InternModEr_Prefixoid	RusHy_Prefixoid	NAI_Prefixoid	POL_Prefixoid	NI_Prefixoid	KOE_Prefixoid	Intern_ReducedPrefixoid	InternMod_Prefixoid	Chem_Prefixoid	ProperNamePrefixoid	Chemical_Possible	PO_Prefixoid	Rus_Prefixoid	VPOL_Prefixoid	NE_Prefixoid	Eval_Prefixoid	Intern_Prefixoid	Reduced_Prefixoid	InternHy_Prefixoid	Letter_Prefixoid	BEZ_Prefixoid	BES_Prefixoid	BEZer_Prefixoid	V_Prefixoid	InternModEr_Prefixoid	RusHy_Prefixoid	NAI_Prefixoid	POL_Prefixoid	NI_Prefixoid	KOE_Prefixoid	Intern_ReducedPrefixoid	InternMod_Prefixoid	Chem_Prefixoid	ProperNamePrefixoid	Chemical_Possible	ParticipleFullForm	ParticipleShortForm	ParticipleFullForm	ParticipleShortForm	Plural	Singular	Plural	Singular	FiveAndMore	Three	Four	Two	SevenEight	FiveAndMore	Three	Four	Two	SevenEight	AdjectiveFullForm	AdjectiveShortForm	AdjectiveShortFlectional	AdjectiveFullForm	AdjectiveShortForm	AdjectiveShortFlectional	NounProperGeneral	NounProperSurNameFlective	NounProperTown	NounProperName	AdjectiveProper	NounProperPatronymic	NounProperNameDimin	AbbrProperGeneral	NounProperSurNameForeign	NounProperGeneral	NounProperSurNameFlective	NounProperTown	NounProperName	AdjectiveProper	NounProperPatronymic	NounProperNameDimin	AbbrProperGeneral	NounProperSurNameForeign	NormalNumberParadigm	NormalNumberParadigm	FullRealization	FullRealization
275	26	одной	одной	188485	188483	Animate	Inanimate	Reflexive	FullReflexivity	NonReflexive	ImperfectiveReflexivity	NormalMorphForm	DefectOne	DefectTwo	Byt	DefectThree	DefectFour	GTAdjectiveAttributive	GTNumeral	NotEllipted	VocalForm	NForm	NotControlled	ZeroTypeOfCoordination	Composite_ski	Composite_iko	Composite_sko	NoCompositeness	Composite_o	Composite_e	Composite_usek	Composite_null	Composite_Numeral	Composite_cko	Composite_cki	Composite_ComplexNumeral	Composite_NumeralFull	Composite_NumeralShort	DegreeComparative	DegreePositive	DegreeSuperlative	Adverb_Un_Hyphen	Adverb_With_Hyphen	DeclensionAdjectival	DeclensionNominal	DeclensionMixed	Indeclinable	Comp_Suffixoid	Un_Comp_Suf	Comp_Suffixoid_Num_OJ	Comp_Suffixoid_Num_YJ	Comp_Suffixoid_Num_IJ	Comp_Suffixoid_Num_J	Comp_PunctuatorPost	Comp_PunctuatorPref	Comp_PunctuatorPostSeparable	Comp_PunctuatorPrefSeparable	Comp_Prefixoid	Comp_Suffixoid_Num_PercentYJ	Comp_Noun	Comp_Suffixoid_Chem	Comp_Adj	Comp_SuffixoidAbbr	BiAspectual	MonoAspectual	Paired	FullSynthComparison	NoSynthComparative	NoSynthSuperlative	OnlySuperlative	MOne	MTwo	MThree	NormalClassifyingCapitalization	Future	Past	Present	Numeral	Pronoun	ZeroDoubleConjunct	NotCommonChild	Dative	Genitive	Instrumental	Locative	Partitive	Prepositional	RCDemonstrative	RCAttributive	RCPossessive	RCIndefinite	RCPersonal	RCInterrogative	RCNegative	RCReflexive	RCNoun	NoPlacement	Imperfective	Perfective	NotDefaultFiller	Feminine	NoLeftmostPlacement	Iterat	UnIterat	NoRightmostPlacement	NotLeftConjunct	PersonFirst	PersonSecond	PersonThird	PersonZero	Active	VoiceSya	Passive	VerbIntransitive	VerbIntransitiveSpecial	VerbTransitive	VerbTransitiveSpecial	NotRightConjunct	NoSpecialCaseForm	Locative_u	Genitive_u	Plural_consonant	Genitive_Locative_u	GenitivePlural_Zero	NominativePlural_a	SpecialPlual	SpecialVocative	NoContrast	NormalCapitalization	PO_Prefixoid	Rus_Prefixoid	VPOL_Prefixoid	NE_Prefixoid	Eval_Prefixoid	Intern_Prefixoid	Reduced_Prefixoid	InternHy_Prefixoid	Letter_Prefixoid	BEZ_Prefixoid	BES_Prefixoid	BEZer_Prefixoid	V_Prefixoid	InternModEr_Prefixoid	RusHy_Prefixoid	NAI_Prefixoid	POL_Prefixoid	NI_Prefixoid	KOE_Prefixoid	Intern_ReducedPrefixoid	InternMod_Prefixoid	Chem_Prefixoid	ProperNamePrefixoid	Chemical_Possible	ParticipleFullForm	ParticipleShortForm	Singular	FiveAndMore	Three	Four	Two	SevenEight	AdjectiveFullForm	AdjectiveShortForm	AdjectiveShortFlectional	NounProperGeneral	NounProperSurNameFlective	NounProperTown	NounProperName	AdjectiveProper	NounProperPatronymic	NounProperNameDimin	AbbrProperGeneral	NounProperSurNameForeign	NormalNumberParadigm	FullRealization
275	32	из	из	188487	188486	Animate	Inanimate	Reflexive	FullReflexivity	NonReflexive	ImperfectiveReflexivity	NormalMorphForm	DefectOne	DefectTwo	Byt	DefectThree	DefectFour	GTInvariable	NotEllipted	VocalForm	NForm	NotControlled	ZeroTypeOfCoordination	Composite_ski	Composite_iko	Composite_sko	NoCompositeness	Composite_o	Composite_e	Composite_usek	Composite_null	Composite_Numeral	Composite_cko	Composite_cki	Composite_ComplexNumeral	Composite_NumeralFull	Composite_NumeralShort	DegreeComparative	DegreePositive	DegreeSuperlative	Adverb_Un_Hyphen	Adverb_With_Hyphen	DeclensionAdjectival	DeclensionNominal	DeclensionMixed	Indeclinable	Comp_Suffixoid	Un_Comp_Suf	Comp_Suffixoid_Num_OJ	Comp_Suffixoid_Num_YJ	Comp_Suffixoid_Num_IJ	Comp_Suffixoid_Num_J	Comp_PunctuatorPost	Comp_PunctuatorPref	Comp_PunctuatorPostSeparable	Comp_PunctuatorPrefSeparable	Comp_Prefixoid	Comp_Suffixoid_Num_PercentYJ	Comp_Noun	Comp_Suffixoid_Chem	Comp_Adj	Comp_SuffixoidAbbr	BiAspectual	MonoAspectual	Paired	FullSynthComparison	NoSynthComparative	NoSynthSuperlative	OnlySuperlative	MOne	MTwo	MThree	NormalClassifyingCapitalization	Future	Past	Present	Preposition	ZeroDoubleConjunct	NotCommonChild	Accusative	Dative	Genitive	Instrumental	Locative	Nominative	Partitive	Prepositional	DativeSpecial	ZeroCase	Vocative	RCDemonstrative	RCAttributive	RCPossessive	RCIndefinite	RCPersonal	RCInterrogative	RCNegative	RCReflexive	RCNoun	NoPlacement	Imperfective	Perfective	NotDefaultFiller	Feminine	Masculine	Neuter	Common	NoLeftmostPlacement	Iterat	UnIterat	NoRightmostPlacement	NotLeftConjunct	PersonFirst	PersonSecond	PersonThird	PersonZero	Active	VoiceSya	Passive	VerbIntransitive	VerbIntransitiveSpecial	VerbTransitive	VerbTransitiveSpecial	NotRightConjunct	NoSpecialCaseForm	Locative_u	Genitive_u	Plural_consonant	Genitive_Locative_u	GenitivePlural_Zero	NominativePlural_a	SpecialPlual	SpecialVocative	NoContrast	NormalCapitalization	PO_Prefixoid	Rus_Prefixoid	VPOL_Prefixoid	NE_Prefixoid	Eval_Prefixoid	Intern_Prefixoid	Reduced_Prefixoid	InternHy_Prefixoid	Letter_Prefixoid	BEZ_Prefixoid	BES_Prefixoid	BEZer_Prefixoid	V_Prefixoid	InternModEr_Prefixoid	RusHy_Prefixoid	NAI_Prefixoid	POL_Prefixoid	NI_Prefixoid	KOE_Prefixoid	Intern_ReducedPrefixoid	InternMod_Prefixoid	Chem_Prefixoid	ProperNamePrefixoid	Chemical_Possible	ParticipleFullForm	ParticipleShortForm	Plural	Singular	FiveAndMore	Three	Four	Two	SevenEight	AdjectiveFullForm	AdjectiveShortForm	AdjectiveShortFlectional	NounProperGeneral	NounProperSurNameFlective	NounProperTown	NounProperName	AdjectiveProper	NounProperPatronymic	NounProperNameDimin	AbbrProperGeneral	NounProperSurNameForeign	NormalNumberParadigm	FullRealization
275	35	коммерческих	коммерческих	188488	188486	Animate	Inanimate	Reflexive	FullReflexivity	NonReflexive	ImperfectiveReflexivity	NormalMorphForm	DefectOne	DefectTwo	Byt	DefectThree	DefectFour	GTAdjectiveAttributive	NotEllipted	VocalForm	NForm	NotControlled	ZeroTypeOfCoordination	NoCompositeness	DegreePositive	Adverb_Un_Hyphen	Adverb_With_Hyphen	DeclensionAdjectival	DeclensionNominal	DeclensionMixed	Indeclinable	Un_Comp_Suf	BiAspectual	MonoAspectual	Paired	NoSynthComparative	MOne	MTwo	MThree	NormalClassifyingCapitalization	Future	Past	Present	Adjective	ZeroDoubleConjunct	NotCommonChild	Accusative	Genitive	Locative	Partitive	Prepositional	RCDemonstrative	RCAttributive	RCPossessive	RCIndefinite	RCPersonal	RCInterrogative	RCNegative	RCReflexive	RCNoun	NoPlacement	Imperfective	Perfective	NotDefaultFiller	Feminine	Masculine	Neuter	Common	NoLeftmostPlacement	Iterat	UnIterat	NoRightmostPlacement	NotLeftConjunct	PersonFirst	PersonSecond	PersonThird	PersonZero	Active	VoiceSya	Passive	VerbIntransitive	VerbIntransitiveSpecial	VerbTransitive	VerbTransitiveSpecial	NotRightConjunct	NoSpecialCaseForm	Locative_u	Genitive_u	Plural_consonant	Genitive_Locative_u	GenitivePlural_Zero	NominativePlural_a	SpecialPlual	SpecialVocative	NoContrast	NormalCapitalization	PO_Prefixoid	Rus_Prefixoid	VPOL_Prefixoid	NE_Prefixoid	Eval_Prefixoid	Intern_Prefixoid	Reduced_Prefixoid	InternHy_Prefixoid	Letter_Prefixoid	BEZ_Prefixoid	BES_Prefixoid	BEZer_Prefixoid	V_Prefixoid	InternModEr_Prefixoid	RusHy_Prefixoid	NAI_Prefixoid	POL_Prefixoid	NI_Prefixoid	KOE_Prefixoid	Intern_ReducedPrefixoid	InternMod_Prefixoid	Chem_Prefixoid	ProperNamePrefixoid	Chemical_Possible	ParticipleFullForm	ParticipleShortForm	Plural	FiveAndMore	Three	Four	Two	SevenEight	AdjectiveFullForm	NounProperGeneral	NounProperSurNameFlective	NounProperTown	NounProperName	AdjectiveProper	NounProperPatronymic	NounProperNameDimin	AbbrProperGeneral	NounProperSurNameForeign	NormalNumberParadigm	FullRealization
275	48	структур	структур	188486	188483	Inanimate	Reflexive	FullReflexivity	NonReflexive	ImperfectiveReflexivity	NormalMorphForm	DefectOne	DefectTwo	Byt	DefectThree	DefectFour	GTNoun	NotEllipted	VocalForm	NForm	NotControlled	ZeroTypeOfCoordination	NoCompositeness	DegreeComparative	DegreePositive	DegreeSuperlative	Adverb_Un_Hyphen	Adverb_With_Hyphen	DeclensionNominal	Un_Comp_Suf	BiAspectual	MonoAspectual	Paired	FullSynthComparison	NoSynthComparative	NoSynthSuperlative	OnlySuperlative	MOne	MTwo	MThree	NormalClassifyingCapitalization	Future	Past	Present	Noun	ZeroDoubleConjunct	NotCommonChild	Genitive	Partitive	RCDemonstrative	RCAttributive	RCPossessive	RCIndefinite	RCPersonal	RCInterrogative	RCNegative	RCReflexive	RCNoun	NoPlacement	Imperfective	Perfective	NotDefaultFiller	Feminine	NoLeftmostPlacement	Iterat	UnIterat	NoRightmostPlacement	NotLeftConjunct	PersonFirst	PersonSecond	PersonThird	PersonZero	Active	VoiceSya	Passive	VerbIntransitive	VerbIntransitiveSpecial	VerbTransitive	VerbTransitiveSpecial	NotRightConjunct	NoSpecialCaseForm	NoContrast	NormalCapitalization	PO_Prefixoid	Rus_Prefixoid	VPOL_Prefixoid	NE_Prefixoid	Eval_Prefixoid	Intern_Prefixoid	Reduced_Prefixoid	InternHy_Prefixoid	Letter_Prefixoid	BEZ_Prefixoid	BES_Prefixoid	BEZer_Prefixoid	V_Prefixoid	InternModEr_Prefixoid	RusHy_Prefixoid	NAI_Prefixoid	POL_Prefixoid	NI_Prefixoid	KOE_Prefixoid	Intern_ReducedPrefixoid	InternMod_Prefixoid	Chem_Prefixoid	ProperNamePrefixoid	Chemical_Possible	ParticipleFullForm	ParticipleShortForm	Plural	FiveAndMore	Three	Four	Two	SevenEight	AdjectiveFullForm	AdjectiveShortForm	AdjectiveShortFlectional	NounProperGeneral	NounProperSurNameFlective	NounProperTown	NounProperName	AdjectiveProper	NounProperPatronymic	NounProperNameDimin	AbbrProperGeneral	NounProperSurNameForeign	NormalNumberParadigm	FullRealization
275	57	Санкт-Петербурга	Санкт-Петербурга	188489	188486	Inanimate	Animate	Inanimate	Animate	Inanimate	Reflexive	FullReflexivity	NonReflexive	ImperfectiveReflexivity	Reflexive	FullReflexivity	NonReflexive	ImperfectiveReflexivity	Reflexive	FullReflexivity	NonReflexive	ImperfectiveReflexivity	NormalMorphForm	NormalMorphForm	NormalMorphForm	DefectOne	DefectTwo	Byt	DefectThree	DefectFour	DefectOne	DefectTwo	Byt	DefectThree	DefectFour	DefectOne	DefectTwo	Byt	DefectThree	DefectFour	GTNoun	GTInvariable	GTAdverb	GTNoun	NotEllipted	NotEllipted	NotEllipted	VocalForm	NForm	VocalForm	NForm	VocalForm	NForm	NotControlled	NotControlled	NotControlled	ZeroTypeOfCoordination	ZeroTypeOfCoordination	ZeroTypeOfCoordination	NoCompositeness	Composite_ski	Composite_iko	Composite_sko	NoCompositeness	Composite_o	Composite_e	Composite_usek	Composite_null	Composite_Numeral	Composite_cko	Composite_cki	Composite_ComplexNumeral	Composite_NumeralFull	Composite_NumeralShort	Composite_ski	Composite_iko	Composite_sko	NoCompositeness	Composite_o	Composite_e	Composite_usek	Composite_null	Composite_Numeral	Composite_cko	Composite_cki	Composite_ComplexNumeral	Composite_NumeralFull	Composite_NumeralShort	DegreeComparative	DegreePositive	DegreeSuperlative	DegreeComparative	DegreePositive	DegreeSuperlative	DegreeComparative	DegreePositive	DegreeSuperlative	Adverb_Un_Hyphen	Adverb_With_Hyphen	Adverb_Un_Hyphen	Adverb_With_Hyphen	Adverb_Un_Hyphen	Adverb_With_Hyphen	DeclensionNominal	DeclensionAdjectival	DeclensionNominal	DeclensionMixed	Indeclinable	DeclensionAdjectival	DeclensionNominal	DeclensionMixed	Indeclinable	Un_Comp_Suf	Un_Comp_Suf	Comp_Suffixoid	Un_Comp_Suf	Comp_Suffixoid_Num_OJ	Comp_Suffixoid_Num_YJ	Comp_Suffixoid_Num_IJ	Comp_Suffixoid_Num_J	Comp_PunctuatorPost	Comp_PunctuatorPref	Comp_PunctuatorPostSeparable	Comp_PunctuatorPrefSeparable	Comp_Prefixoid	Comp_Suffixoid_Num_PercentYJ	Comp_Noun	Comp_Suffixoid_Chem	Comp_Adj	Comp_SuffixoidAbbr	BiAspectual	MonoAspectual	Paired	BiAspectual	MonoAspectual	Paired	BiAspectual	MonoAspectual	Paired	FullSynthComparison	NoSynthComparative	NoSynthSuperlative	OnlySuperlative	FullSynthComparison	NoSynthComparative	NoSynthSuperlative	OnlySuperlative	FullSynthComparison	NoSynthComparative	NoSynthSuperlative	OnlySuperlative	MOne	MTwo	MThree	MOne	MTwo	MThree	MOne	MTwo	MThree	NormalClassifyingCapitalization	NormalClassifyingCapitalization	NormalClassifyingCapitalization	Future	Past	Present	Future	Past	Present	Future	Past	Present	Noun	Prefixoid	Adverb	Noun	ZeroDoubleConjunct	ZeroDoubleConjunct	ZeroDoubleConjunct	NotCommonChild	NotCommonChild	NotCommonChild	Genitive	Partitive	Accusative	Dative	Genitive	Instrumental	Locative	Nominative	Partitive	Prepositional	DativeSpecial	ZeroCase	Vocative	Accusative	Dative	Genitive	Instrumental	Locative	Nominative	Partitive	Prepositional	DativeSpecial	ZeroCase	Vocative	RCDemonstrative	RCAttributive	RCPossessive	RCIndefinite	RCPersonal	RCInterrogative	RCNegative	RCReflexive	RCNoun	RCDemonstrative	RCAttributive	RCPossessive	RCIndefinite	RCPersonal	RCInterrogative	RCNegative	RCReflexive	RCNoun	RCDemonstrative	RCAttributive	RCPossessive	RCIndefinite	RCPersonal	RCInterrogative	RCNegative	RCReflexive	RCNoun	NoPlacement	NoPlacement	NoPlacement	Imperfective	Perfective	Imperfective	Perfective	Imperfective	Perfective	NotDefaultFiller	NotDefaultFiller	NotDefaultFiller	Masculine	Feminine	Masculine	Neuter	Common	Feminine	Masculine	Neuter	Common	NoLeftmostPlacement	NoLeftmostPlacement	NoLeftmostPlacement	Iterat	UnIterat	Iterat	UnIterat	Iterat	UnIterat	NoRightmostPlacement	NoRightmostPlacement	NoRightmostPlacement	NotLeftConjunct	NotLeftConjunct	NotLeftConjunct	PersonFirst	PersonSecond	PersonThird	PersonZero	PersonFirst	PersonSecond	PersonThird	PersonZero	PersonFirst	PersonSecond	PersonThird	PersonZero	Active	VoiceSya	Passive	Active	VoiceSya	Passive	Active	VoiceSya	Passive	VerbIntransitive	VerbIntransitiveSpecial	VerbTransitive	VerbTransitiveSpecial	VerbIntransitive	VerbIntransitiveSpecial	VerbTransitive	VerbTransitiveSpecial	VerbIntransitive	VerbIntransitiveSpecial	VerbTransitive	VerbTransitiveSpecial	NotRightConjunct	NotRightConjunct	NotRightConjunct	NoSpecialCaseForm	NoSpecialCaseForm	Locative_u	Genitive_u	Plural_consonant	Genitive_Locative_u	GenitivePlural_Zero	NominativePlural_a	SpecialPlual	SpecialVocative	NoSpecialCaseForm	Locative_u	Genitive_u	Plural_consonant	Genitive_Locative_u	GenitivePlural_Zero	NominativePlural_a	SpecialPlual	SpecialVocative	NoContrast	NoContrast	NoContrast	NormalCapitalization	NormalCapitalization	NormalCapitalization	PO_Prefixoid	Rus_Prefixoid	VPOL_Prefixoid	NE_Prefixoid	Eval_Prefixoid	Intern_Prefixoid	Reduced_Prefixoid	InternHy_Prefixoid	Letter_Prefixoid	BEZ_Prefixoid	BES_Prefixoid	BEZer_Prefixoid	V_Prefixoid	InternModEr_Prefixoid	RusHy_Prefixoid	NAI_Prefixoid	POL_Prefixoid	NI_Prefixoid	KOE_Prefixoid	Intern_ReducedPrefixoid	InternMod_Prefixoid	Chem_Prefixoid	ProperNamePrefixoid	Chemical_Possible	Reduced_Prefixoid	PO_Prefixoid	Rus_Prefixoid	VPOL_Prefixoid	NE_Prefixoid	Eval_Prefixoid	Intern_Prefixoid	Reduced_Prefixoid	InternHy_Prefixoid	Letter_Prefixoid	BEZ_Prefixoid	BES_Prefixoid	BEZer_Prefixoid	V_Prefixoid	InternModEr_Prefixoid	RusHy_Prefixoid	NAI_Prefixoid	POL_Prefixoid	NI_Prefixoid	KOE_Prefixoid	Intern_ReducedPrefixoid	InternMod_Prefixoid	Chem_Prefixoid	ProperNamePrefixoid	Chemical_Possible	ParticipleFullForm	ParticipleShortForm	ParticipleFullForm	ParticipleShortForm	ParticipleFullForm	ParticipleShortForm	Singular	Plural	Singular	Plural	Singular	FiveAndMore	Three	Four	Two	SevenEight	FiveAndMore	Three	Four	Two	SevenEight	FiveAndMore	Three	Four	Two	SevenEight	AdjectiveFullForm	AdjectiveShortForm	AdjectiveShortFlectional	AdjectiveFullForm	AdjectiveShortForm	AdjectiveShortFlectional	AdjectiveFullForm	AdjectiveShortForm	AdjectiveShortFlectional	NounProperTown	NounProperGeneral	NounProperSurNameFlective	NounProperTown	NounProperName	AdjectiveProper	NounProperPatronymic	NounProperNameDimin	AbbrProperGeneral	NounProperSurNameForeign	NounProperGeneral	NounProperSurNameFlective	NounProperTown	NounProperName	AdjectiveProper	NounProperPatronymic	NounProperNameDimin	AbbrProperGeneral	NounProperSurNameForeign	SingulariaTantum	NormalNumberParadigm	NormalNumberParadigm	PluraliaTantum	SingulariaTantum	FullRealization	FullRealization	FullRealization
277	0	У	У	188493	188492	Animate	Inanimate	Reflexive	FullReflexivity	NonReflexive	ImperfectiveReflexivity	NormalMorphForm	NormalMorphForm	NormalMorphForm	DefectOne	DefectTwo	Byt	DefectThree	DefectFour	GTInvariable	NotEllipted	NotEllipted	NotEllipted	VocalForm	NForm	NotControlled	NotControlled	NotControlled	ZeroTypeOfCoordination	ZeroTypeOfCoordination	ZeroTypeOfCoordination	Composite_ski	Composite_iko	Composite_sko	NoCompositeness	Composite_o	Composite_e	Composite_usek	Composite_null	Composite_Numeral	Composite_cko	Composite_cki	Composite_ComplexNumeral	Composite_NumeralFull	Composite_NumeralShort	DegreeComparative	DegreePositive	DegreeSuperlative	Adverb_Un_Hyphen	Adverb_With_Hyphen	DeclensionAdjectival	DeclensionNominal	DeclensionMixed	Indeclinable	Comp_Suffixoid	Un_Comp_Suf	Comp_Suffixoid_Num_OJ	Comp_Suffixoid_Num_YJ	Comp_Suffixoid_Num_IJ	Comp_Suffixoid_Num_J	Comp_PunctuatorPost	Comp_PunctuatorPref	Comp_PunctuatorPostSeparable	Comp_PunctuatorPrefSeparable	Comp_Prefixoid	Comp_Suffixoid_Num_PercentYJ	Comp_Noun	Comp_Suffixoid_Chem	Comp_Adj	Comp_SuffixoidAbbr	BiAspectual	MonoAspectual	Paired	FullSynthComparison	NoSynthComparative	NoSynthSuperlative	OnlySuperlative	MOne	MTwo	MThree	NormalClassifyingCapitalization	NormalClassifyingCapitalization	NormalClassifyingCapitalization	Future	Past	Present	Preposition	ZeroDoubleConjunct	ZeroDoubleConjunct	ZeroDoubleConjunct	NotCommonChild	NotCommonChild	NotCommonChild	Accusative	Dative	Genitive	Instrumental	Locative	Nominative	Partitive	Prepositional	DativeSpecial	ZeroCase	Vocative	RCDemonstrative	RCAttributive	RCPossessive	RCIndefinite	RCPersonal	RCInterrogative	RCNegative	RCReflexive	RCNoun	NoPlacement	NoPlacement	NoPlacement	Imperfective	Perfective	NotDefaultFiller	NotDefaultFiller	NotDefaultFiller	Feminine	Masculine	Neuter	Common	NoLeftmostPlacement	NoLeftmostPlacement	NoLeftmostPlacement	Iterat	UnIterat	NoRightmostPlacement	NoRightmostPlacement	NoRightmostPlacement	NotLeftConjunct	NotLeftConjunct	NotLeftConjunct	PersonFirst	PersonSecond	PersonThird	PersonZero	Active	VoiceSya	Passive	VerbIntransitive	VerbIntransitiveSpecial	VerbTransitive	VerbTransitiveSpecial	NotRightConjunct	NotRightConjunct	NotRightConjunct	NoSpecialCaseForm	Locative_u	Genitive_u	Plural_consonant	Genitive_Locative_u	GenitivePlural_Zero	NominativePlural_a	SpecialPlual	SpecialVocative	NoContrast	NoContrast	NoContrast	NormalCapitalization	NormalCapitalization	NormalCapitalization	PO_Prefixoid	Rus_Prefixoid	VPOL_Prefixoid	NE_Prefixoid	Eval_Prefixoid	Intern_Prefixoid	Reduced_Prefixoid	InternHy_Prefixoid	Letter_Prefixoid	BEZ_Prefixoid	BES_Prefixoid	BEZer_Prefixoid	V_Prefixoid	InternModEr_Prefixoid	RusHy_Prefixoid	NAI_Prefixoid	POL_Prefixoid	NI_Prefixoid	KOE_Prefixoid	Intern_ReducedPrefixoid	InternMod_Prefixoid	Chem_Prefixoid	ProperNamePrefixoid	Chemical_Possible	ParticipleFullForm	ParticipleShortForm	Plural	Singular	FiveAndMore	Three	Four	Two	SevenEight	AdjectiveFullForm	AdjectiveShortForm	AdjectiveShortFlectional	NounProperGeneral	NounProperSurNameFlective	NounProperTown	NounProperName	AdjectiveProper	NounProperPatronymic	NounProperNameDimin	AbbrProperGeneral	NounProperSurNameForeign	NormalNumberParadigm	NormalNumberParadigm	NormalNumberParadigm	FullRealization	FullRealization	FullRealization
277	2	Фурсенко	Фурсенко	188492	188491	Animate	Reflexive	FullReflexivity	NonReflexive	ImperfectiveReflexivity	NormalMorphForm	DefectOne	DefectTwo	Byt	DefectThree	DefectFour	GTNoun	NotEllipted	VocalForm	NForm	NotControlled	ZeroTypeOfCoordination	NoCompositeness	DegreeComparative	DegreePositive	DegreeSuperlative	Adverb_Un_Hyphen	Adverb_With_Hyphen	Indeclinable	Un_Comp_Suf	BiAspectual	MonoAspectual	Paired	FullSynthComparison	NoSynthComparative	NoSynthSuperlative	OnlySuperlative	MOne	MTwo	MThree	NormalClassifyingCapitalization	Future	Past	Present	Noun	ZeroDoubleConjunct	NotCommonChild	Accusative	Dative	Genitive	Instrumental	Locative	Nominative	Partitive	Prepositional	RCDemonstrative	RCAttributive	RCPossessive	RCIndefinite	RCPersonal	RCInterrogative	RCNegative	RCReflexive	RCNoun	NoPlacement	Imperfective	Perfective	NotDefaultFiller	Common	NoLeftmostPlacement	Iterat	UnIterat	NoRightmostPlacement	NotLeftConjunct	PersonFirst	PersonSecond	PersonThird	PersonZero	Active	VoiceSya	Passive	VerbIntransitive	VerbIntransitiveSpecial	VerbTransitive	VerbTransitiveSpecial	NotRightConjunct	NoSpecialCaseForm	NoContrast	NormalCapitalization	PO_Prefixoid	Rus_Prefixoid	VPOL_Prefixoid	NE_Prefixoid	Eval_Prefixoid	Intern_Prefixoid	Reduced_Prefixoid	InternHy_Prefixoid	Letter_Prefixoid	BEZ_Prefixoid	BES_Prefixoid	BEZer_Prefixoid	V_Prefixoid	InternModEr_Prefixoid	RusHy_Prefixoid	NAI_Prefixoid	POL_Prefixoid	NI_Prefixoid	KOE_Prefixoid	Intern_ReducedPrefixoid	InternMod_Prefixoid	Chem_Prefixoid	ProperNamePrefixoid	Chemical_Possible	ParticipleFullForm	ParticipleShortForm	Plural	Singular	FiveAndMore	Three	Four	Two	SevenEight	AdjectiveFullForm	AdjectiveShortForm	AdjectiveShortFlectional	NounProperSurNameForeign	NormalNumberParadigm	FullRealization
277	11	есть	есть	188491	-1	Animate	Inanimate	Animate	Inanimate	NonReflexive	Reflexive	FullReflexivity	NonReflexive	ImperfectiveReflexivity	NormalMorphForm	NormalMorphForm	Byt	DefectOne	DefectTwo	Byt	DefectThree	DefectFour	GTVerb	GTInfinitive	GTInvariable	NotEllipted	NotEllipted	VocalForm	NForm	VocalForm	NForm	NotControlled	NotControlled	ZeroTypeOfCoordination	ZeroTypeOfCoordination	Composite_ski	Composite_iko	Composite_sko	NoCompositeness	Composite_o	Composite_e	Composite_usek	Composite_null	Composite_Numeral	Composite_cko	Composite_cki	Composite_ComplexNumeral	Composite_NumeralFull	Composite_NumeralShort	Composite_ski	Composite_iko	Composite_sko	NoCompositeness	Composite_o	Composite_e	Composite_usek	Composite_null	Composite_Numeral	Composite_cko	Composite_cki	Composite_ComplexNumeral	Composite_NumeralFull	Composite_NumeralShort	DegreeComparative	DegreePositive	DegreeSuperlative	DegreeComparative	DegreePositive	DegreeSuperlative	Adverb_Un_Hyphen	Adverb_With_Hyphen	Adverb_Un_Hyphen	Adverb_With_Hyphen	DeclensionAdjectival	DeclensionNominal	DeclensionMixed	Indeclinable	DeclensionAdjectival	DeclensionNominal	DeclensionMixed	Indeclinable	Comp_Suffixoid	Un_Comp_Suf	Comp_Suffixoid_Num_OJ	Comp_Suffixoid_Num_YJ	Comp_Suffixoid_Num_IJ	Comp_Suffixoid_Num_J	Comp_PunctuatorPost	Comp_PunctuatorPref	Comp_PunctuatorPostSeparable	Comp_PunctuatorPrefSeparable	Comp_Prefixoid	Comp_Suffixoid_Num_PercentYJ	Comp_Noun	Comp_Suffixoid_Chem	Comp_Adj	Comp_SuffixoidAbbr	Comp_Suffixoid	Un_Comp_Suf	Comp_Suffixoid_Num_OJ	Comp_Suffixoid_Num_YJ	Comp_Suffixoid_Num_IJ	Comp_Suffixoid_Num_J	Comp_PunctuatorPost	Comp_PunctuatorPref	Comp_PunctuatorPostSeparable	Comp_PunctuatorPrefSeparable	Comp_Prefixoid	Comp_Suffixoid_Num_PercentYJ	Comp_Noun	Comp_Suffixoid_Chem	Comp_Adj	Comp_SuffixoidAbbr	MonoAspectual	BiAspectual	MonoAspectual	Paired	FullSynthComparison	NoSynthComparative	NoSynthSuperlative	OnlySuperlative	FullSynthComparison	NoSynthComparative	NoSynthSuperlative	OnlySuperlative	MOne	MTwo	MThree	MOne	MTwo	MThree	NormalClassifyingCapitalization	NormalClassifyingCapitalization	Present	Future	Past	Present	Verb	Verb	Interjection	ZeroDoubleConjunct	ZeroDoubleConjunct	NotCommonChild	NotCommonChild	Accusative	Dative	Genitive	Instrumental	Locative	Nominative	Partitive	Prepositional	DativeSpecial	ZeroCase	Vocative	Accusative	Dative	Genitive	Instrumental	Locative	Nominative	Partitive	Prepositional	DativeSpecial	ZeroCase	Vocative	RCDemonstrative	RCAttributive	RCPossessive	RCIndefinite	RCPersonal	RCInterrogative	RCNegative	RCReflexive	RCNoun	RCDemonstrative	RCAttributive	RCPossessive	RCIndefinite	RCPersonal	RCInterrogative	RCNegative	RCReflexive	RCNoun	NoPlacement	NoPlacement	Imperfective	Imperfective	Perfective	NotDefaultFiller	NotDefaultFiller	Feminine	Masculine	Neuter	Common	Feminine	Masculine	Neuter	Common	NoLeftmostPlacement	NoLeftmostPlacement	UnIterat	Iterat	UnIterat	NoRightmostPlacement	NoRightmostPlacement	NotLeftConjunct	NotLeftConjunct	PersonFirst	PersonSecond	PersonThird	PersonFirst	PersonSecond	PersonThird	PersonZero	Active	Active	VoiceSya	Passive	VerbIntransitive	VerbIntransitive	VerbIntransitiveSpecial	VerbTransitive	VerbTransitiveSpecial	NotRightConjunct	NotRightConjunct	NoSpecialCaseForm	Locative_u	Genitive_u	Plural_consonant	Genitive_Locative_u	GenitivePlural_Zero	NominativePlural_a	SpecialPlual	SpecialVocative	NoSpecialCaseForm	Locative_u	Genitive_u	Plural_consonant	Genitive_Locative_u	GenitivePlural_Zero	NominativePlural_a	SpecialPlual	SpecialVocative	NoContrast	NoContrast	NormalCapitalization	NormalCapitalization	PO_Prefixoid	Rus_Prefixoid	VPOL_Prefixoid	NE_Prefixoid	Eval_Prefixoid	Intern_Prefixoid	Reduced_Prefixoid	InternHy_Prefixoid	Letter_Prefixoid	BEZ_Prefixoid	BES_Prefixoid	BEZer_Prefixoid	V_Prefixoid	InternModEr_Prefixoid	RusHy_Prefixoid	NAI_Prefixoid	POL_Prefixoid	NI_Prefixoid	KOE_Prefixoid	Intern_ReducedPrefixoid	InternMod_Prefixoid	Chem_Prefixoid	ProperNamePrefixoid	Chemical_Possible	PO_Prefixoid	Rus_Prefixoid	VPOL_Prefixoid	NE_Prefixoid	Eval_Prefixoid	Intern_Prefixoid	Reduced_Prefixoid	InternHy_Prefixoid	Letter_Prefixoid	BEZ_Prefixoid	BES_Prefixoid	BEZer_Prefixoid	V_Prefixoid	InternModEr_Prefixoid	RusHy_Prefixoid	NAI_Prefixoid	POL_Prefixoid	NI_Prefixoid	KOE_Prefixoid	Intern_ReducedPrefixoid	InternMod_Prefixoid	Chem_Prefixoid	ProperNamePrefixoid	Chemical_Possible	ParticipleFullForm	ParticipleShortForm	ParticipleFullForm	ParticipleShortForm	Plural	Singular	Plural	Singular	FiveAndMore	Three	Four	Two	SevenEight	FiveAndMore	Three	Four	Two	SevenEight	AdjectiveFullForm	AdjectiveShortForm	AdjectiveShortFlectional	AdjectiveFullForm	AdjectiveShortForm	AdjectiveShortFlectional	NounProperGeneral	NounProperSurNameFlective	NounProperTown	NounProperName	AdjectiveProper	NounProperPatronymic	NounProperNameDimin	AbbrProperGeneral	NounProperSurNameForeign	NounProperGeneral	NounProperSurNameFlective	NounProperTown	NounProperName	AdjectiveProper	NounProperPatronymic	NounProperNameDimin	AbbrProperGeneral	NounProperSurNameForeign	NormalNumberParadigm	NormalNumberParadigm	FullRealization	FullRealization
277	16	младший	младший	188495	188494	Animate	Inanimate	Reflexive	FullReflexivity	NonReflexive	ImperfectiveReflexivity	NormalMorphForm	DefectOne	DefectTwo	Byt	DefectThree	DefectFour	GTAdjective	NotEllipted	VocalForm	NForm	NotControlled	ZeroTypeOfCoordination	NoCompositeness	DegreePositive	Adverb_Un_Hyphen	Adverb_With_Hyphen	DeclensionAdjectival	DeclensionNominal	DeclensionMixed	Indeclinable	Un_Comp_Suf	BiAspectual	MonoAspectual	Paired	NoSynthSuperlative	MOne	MTwo	MThree	NormalClassifyingCapitalization	Future	Past	Present	Adjective	ZeroDoubleConjunct	NotCommonChild	Accusative	Nominative	RCDemonstrative	RCAttributive	RCPossessive	RCIndefinite	RCPersonal	RCInterrogative	RCNegative	RCReflexive	RCNoun	NoPlacement	Imperfective	Perfective	NotDefaultFiller	Masculine	NoLeftmostPlacement	Iterat	UnIterat	NoRightmostPlacement	NotLeftConjunct	PersonFirst	PersonSecond	PersonThird	PersonZero	Active	VoiceSya	Passive	VerbIntransitive	VerbIntransitiveSpecial	VerbTransitive	VerbTransitiveSpecial	NotRightConjunct	NoSpecialCaseForm	Locative_u	Genitive_u	Plural_consonant	Genitive_Locative_u	GenitivePlural_Zero	NominativePlural_a	SpecialPlual	SpecialVocative	NoContrast	NormalCapitalization	PO_Prefixoid	Rus_Prefixoid	VPOL_Prefixoid	NE_Prefixoid	Eval_Prefixoid	Intern_Prefixoid	Reduced_Prefixoid	InternHy_Prefixoid	Letter_Prefixoid	BEZ_Prefixoid	BES_Prefixoid	BEZer_Prefixoid	V_Prefixoid	InternModEr_Prefixoid	RusHy_Prefixoid	NAI_Prefixoid	POL_Prefixoid	NI_Prefixoid	KOE_Prefixoid	Intern_ReducedPrefixoid	InternMod_Prefixoid	Chem_Prefixoid	ProperNamePrefixoid	Chemical_Possible	ParticipleFullForm	ParticipleShortForm	Singular	FiveAndMore	Three	Four	Two	SevenEight	AdjectiveFullForm	NounProperGeneral	NounProperSurNameFlective	NounProperTown	NounProperName	AdjectiveProper	NounProperPatronymic	NounProperNameDimin	AbbrProperGeneral	NounProperSurNameForeign	NormalNumberParadigm	FullRealization
277	24	брат	брат	188494	188491	Animate	Reflexive	FullReflexivity	NonReflexive	ImperfectiveReflexivity	NormalMorphForm	DefectOne	DefectTwo	Byt	DefectThree	DefectFour	GTNoun	NotEllipted	VocalForm	NForm	NotControlled	ZeroTypeOfCoordination	NoCompositeness	DegreeComparative	DegreePositive	DegreeSuperlative	Adverb_Un_Hyphen	Adverb_With_Hyphen	DeclensionNominal	Un_Comp_Suf	BiAspectual	MonoAspectual	Paired	FullSynthComparison	NoSynthComparative	NoSynthSuperlative	OnlySuperlative	MOne	MTwo	MThree	NormalClassifyingCapitalization	Future	Past	Present	Noun	ZeroDoubleConjunct	NotCommonChild	Nominative	RCDemonstrative	RCAttributive	RCPossessive	RCIndefinite	RCPersonal	RCInterrogative	RCNegative	RCReflexive	RCNoun	NoPlacement	Imperfective	Perfective	NotDefaultFiller	Masculine	NoLeftmostPlacement	Iterat	UnIterat	NoRightmostPlacement	NotLeftConjunct	PersonFirst	PersonSecond	PersonThird	PersonZero	Active	VoiceSya	Passive	VerbIntransitive	VerbIntransitiveSpecial	VerbTransitive	VerbTransitiveSpecial	NotRightConjunct	NoSpecialCaseForm	NoContrast	NormalCapitalization	PO_Prefixoid	Rus_Prefixoid	VPOL_Prefixoid	NE_Prefixoid	Eval_Prefixoid	Intern_Prefixoid	Reduced_Prefixoid	InternHy_Prefixoid	Letter_Prefixoid	BEZ_Prefixoid	BES_Prefixoid	BEZer_Prefixoid	V_Prefixoid	InternModEr_Prefixoid	RusHy_Prefixoid	NAI_Prefixoid	POL_Prefixoid	NI_Prefixoid	KOE_Prefixoid	Intern_ReducedPrefixoid	InternMod_Prefixoid	Chem_Prefixoid	ProperNamePrefixoid	Chemical_Possible	ParticipleFullForm	ParticipleShortForm	Singular	FiveAndMore	Three	Four	Two	SevenEight	AdjectiveFullForm	AdjectiveShortForm	AdjectiveShortFlectional	NounProperGeneral	NounProperSurNameFlective	NounProperTown	NounProperName	AdjectiveProper	NounProperPatronymic	NounProperNameDimin	AbbrProperGeneral	NounProperSurNameForeign	NormalNumberParadigm	FullRealization
277	29	Сергей	Сергей	188496	188494	Animate	Reflexive	FullReflexivity	NonReflexive	ImperfectiveReflexivity	NormalMorphForm	DefectOne	DefectTwo	Byt	DefectThree	DefectFour	GTNoun	NotEllipted	VocalForm	NForm	NotControlled	ZeroTypeOfCoordination	NoCompositeness	DegreeComparative	DegreePositive	DegreeSuperlative	Adverb_Un_Hyphen	Adverb_With_Hyphen	DeclensionNominal	Un_Comp_Suf	BiAspectual	MonoAspectual	Paired	FullSynthComparison	NoSynthComparative	NoSynthSuperlative	OnlySuperlative	MOne	MTwo	MThree	NormalClassifyingCapitalization	Future	Past	Present	Noun	ZeroDoubleConjunct	NotCommonChild	Nominative	RCDemonstrative	RCAttributive	RCPossessive	RCIndefinite	RCPersonal	RCInterrogative	RCNegative	RCReflexive	RCNoun	NoPlacement	Imperfective	Perfective	NotDefaultFiller	Masculine	NoLeftmostPlacement	Iterat	UnIterat	NoRightmostPlacement	NotLeftConjunct	PersonFirst	PersonSecond	PersonThird	PersonZero	Active	VoiceSya	Passive	VerbIntransitive	VerbIntransitiveSpecial	VerbTransitive	VerbTransitiveSpecial	NotRightConjunct	NoSpecialCaseForm	NoContrast	NormalCapitalization	PO_Prefixoid	Rus_Prefixoid	VPOL_Prefixoid	NE_Prefixoid	Eval_Prefixoid	Intern_Prefixoid	Reduced_Prefixoid	InternHy_Prefixoid	Letter_Prefixoid	BEZ_Prefixoid	BES_Prefixoid	BEZer_Prefixoid	V_Prefixoid	InternModEr_Prefixoid	RusHy_Prefixoid	NAI_Prefixoid	POL_Prefixoid	NI_Prefixoid	KOE_Prefixoid	Intern_ReducedPrefixoid	InternMod_Prefixoid	Chem_Prefixoid	ProperNamePrefixoid	Chemical_Possible	ParticipleFullForm	ParticipleShortForm	Singular	FiveAndMore	Three	Four	Two	SevenEight	AdjectiveFullForm	AdjectiveShortForm	AdjectiveShortFlectional	NounProperName	NormalNumberParadigm	FullRealization
277	38	по	по	188499	188498	Animate	Inanimate	Reflexive	FullReflexivity	NonReflexive	ImperfectiveReflexivity	NormalMorphForm	DefectOne	DefectTwo	Byt	DefectThree	DefectFour	GTInvariable	NotEllipted	VocalForm	NForm	NotControlled	ZeroTypeOfCoordination	Composite_ski	Composite_iko	Composite_sko	NoCompositeness	Composite_o	Composite_e	Composite_usek	Composite_null	Composite_Numeral	Composite_cko	Composite_cki	Composite_ComplexNumeral	Composite_NumeralFull	Composite_NumeralShort	DegreeComparative	DegreePositive	DegreeSuperlative	Adverb_Un_Hyphen	Adverb_With_Hyphen	DeclensionAdjectival	DeclensionNominal	DeclensionMixed	Indeclinable	Comp_Suffixoid	Un_Comp_Suf	Comp_Suffixoid_Num_OJ	Comp_Suffixoid_Num_YJ	Comp_Suffixoid_Num_IJ	Comp_Suffixoid_Num_J	Comp_PunctuatorPost	Comp_PunctuatorPref	Comp_PunctuatorPostSeparable	Comp_PunctuatorPrefSeparable	Comp_Prefixoid	Comp_Suffixoid_Num_PercentYJ	Comp_Noun	Comp_Suffixoid_Chem	Comp_Adj	Comp_SuffixoidAbbr	BiAspectual	MonoAspectual	Paired	FullSynthComparison	NoSynthComparative	NoSynthSuperlative	OnlySuperlative	MOne	MTwo	MThree	NormalClassifyingCapitalization	Future	Past	Present	Preposition	ZeroDoubleConjunct	NotCommonChild	Accusative	Dative	Genitive	Instrumental	Locative	Nominative	Partitive	Prepositional	DativeSpecial	ZeroCase	Vocative	RCDemonstrative	RCAttributive	RCPossessive	RCIndefinite	RCPersonal	RCInterrogative	RCNegative	RCReflexive	RCNoun	NoPlacement	Imperfective	Perfective	NotDefaultFiller	Feminine	Masculine	Neuter	Common	NoLeftmostPlacement	Iterat	UnIterat	NoRightmostPlacement	NotLeftConjunct	PersonFirst	PersonSecond	PersonThird	PersonZero	Active	VoiceSya	Passive	VerbIntransitive	VerbIntransitiveSpecial	VerbTransitive	VerbTransitiveSpecial	NotRightConjunct	NoSpecialCaseForm	Locative_u	Genitive_u	Plural_consonant	Genitive_Locative_u	GenitivePlural_Zero	NominativePlural_a	SpecialPlual	SpecialVocative	NoContrast	NormalCapitalization	PO_Prefixoid	Rus_Prefixoid	VPOL_Prefixoid	NE_Prefixoid	Eval_Prefixoid	Intern_Prefixoid	Reduced_Prefixoid	InternHy_Prefixoid	Letter_Prefixoid	BEZ_Prefixoid	BES_Prefixoid	BEZer_Prefixoid	V_Prefixoid	InternModEr_Prefixoid	RusHy_Prefixoid	NAI_Prefixoid	POL_Prefixoid	NI_Prefixoid	KOE_Prefixoid	Intern_ReducedPrefixoid	InternMod_Prefixoid	Chem_Prefixoid	ProperNamePrefixoid	Chemical_Possible	ParticipleFullForm	ParticipleShortForm	Plural	Singular	FiveAndMore	Three	Four	Two	SevenEight	AdjectiveFullForm	AdjectiveShortForm	AdjectiveShortFlectional	NounProperGeneral	NounProperSurNameFlective	NounProperTown	NounProperName	AdjectiveProper	NounProperPatronymic	NounProperNameDimin	AbbrProperGeneral	NounProperSurNameForeign	NormalNumberParadigm	FullRealization
277	41	образованию	образованию	188498	188497	Inanimate	Reflexive	FullReflexivity	NonReflexive	ImperfectiveReflexivity	NormalMorphForm	DefectOne	DefectTwo	Byt	DefectThree	DefectFour	GTNoun	NotEllipted	VocalForm	NForm	NotControlled	ZeroTypeOfCoordination	NoCompositeness	DegreeComparative	DegreePositive	DegreeSuperlative	Adverb_Un_Hyphen	Adverb_With_Hyphen	DeclensionNominal	Un_Comp_Suf	BiAspectual	MonoAspectual	Paired	FullSynthComparison	NoSynthComparative	NoSynthSuperlative	OnlySuperlative	MOne	MTwo	MThree	NormalClassifyingCapitalization	Future	Past	Present	Noun	ZeroDoubleConjunct	NotCommonChild	Dative	RCDemonstrative	RCAttributive	RCPossessive	RCIndefinite	RCPersonal	RCInterrogative	RCNegative	RCReflexive	RCNoun	NoPlacement	Imperfective	Perfective	NotDefaultFiller	Neuter	NoLeftmostPlacement	Iterat	UnIterat	NoRightmostPlacement	NotLeftConjunct	PersonFirst	PersonSecond	PersonThird	PersonZero	Active	VoiceSya	Passive	VerbIntransitive	VerbIntransitiveSpecial	VerbTransitive	VerbTransitiveSpecial	NotRightConjunct	NoSpecialCaseForm	NoContrast	NormalCapitalization	PO_Prefixoid	Rus_Prefixoid	VPOL_Prefixoid	NE_Prefixoid	Eval_Prefixoid	Intern_Prefixoid	Reduced_Prefixoid	InternHy_Prefixoid	Letter_Prefixoid	BEZ_Prefixoid	BES_Prefixoid	BEZer_Prefixoid	V_Prefixoid	InternModEr_Prefixoid	RusHy_Prefixoid	NAI_Prefixoid	POL_Prefixoid	NI_Prefixoid	KOE_Prefixoid	Intern_ReducedPrefixoid	InternMod_Prefixoid	Chem_Prefixoid	ProperNamePrefixoid	Chemical_Possible	ParticipleFullForm	ParticipleShortForm	Singular	FiveAndMore	Three	Four	Two	SevenEight	AdjectiveFullForm	AdjectiveShortForm	AdjectiveShortFlectional	NounProperGeneral	NounProperSurNameFlective	NounProperTown	NounProperName	AdjectiveProper	NounProperPatronymic	NounProperNameDimin	AbbrProperGeneral	NounProperSurNameForeign	NormalNumberParadigm	FullRealization
277	53	энергетик	энергетик	188497	188494	Animate	Reflexive	FullReflexivity	NonReflexive	ImperfectiveReflexivity	NormalMorphForm	DefectOne	DefectTwo	Byt	DefectThree	DefectFour	GTNoun	NotEllipted	VocalForm	NForm	NotControlled	ZeroTypeOfCoordination	NoCompositeness	DegreeComparative	DegreePositive	DegreeSuperlative	Adverb_Un_Hyphen	Adverb_With_Hyphen	DeclensionNominal	Un_Comp_Suf	BiAspectual	MonoAspectual	Paired	FullSynthComparison	NoSynthComparative	NoSynthSuperlative	OnlySuperlative	MOne	MTwo	MThree	NormalClassifyingCapitalization	Future	Past	Present	Noun	ZeroDoubleConjunct	NotCommonChild	Nominative	RCDemonstrative	RCAttributive	RCPossessive	RCIndefinite	RCPersonal	RCInterrogative	RCNegative	RCReflexive	RCNoun	NoPlacement	Imperfective	Perfective	NotDefaultFiller	Masculine	NoLeftmostPlacement	Iterat	UnIterat	NoRightmostPlacement	NotLeftConjunct	PersonFirst	PersonSecond	PersonThird	PersonZero	Active	VoiceSya	Passive	VerbIntransitive	VerbIntransitiveSpecial	VerbTransitive	VerbTransitiveSpecial	NotRightConjunct	NoSpecialCaseForm	NoContrast	NormalCapitalization	PO_Prefixoid	Rus_Prefixoid	VPOL_Prefixoid	NE_Prefixoid	Eval_Prefixoid	Intern_Prefixoid	Reduced_Prefixoid	InternHy_Prefixoid	Letter_Prefixoid	BEZ_Prefixoid	BES_Prefixoid	BEZer_Prefixoid	V_Prefixoid	InternModEr_Prefixoid	RusHy_Prefixoid	NAI_Prefixoid	POL_Prefixoid	NI_Prefixoid	KOE_Prefixoid	Intern_ReducedPrefixoid	InternMod_Prefixoid	Chem_Prefixoid	ProperNamePrefixoid	Chemical_Possible	ParticipleFullForm	ParticipleShortForm	Singular	FiveAndMore	Three	Four	Two	SevenEight	AdjectiveFullForm	AdjectiveShortForm	AdjectiveShortFlectional	NounProperGeneral	NounProperSurNameFlective	NounProperTown	NounProperName	AdjectiveProper	NounProperPatronymic	NounProperNameDimin	AbbrProperGeneral	NounProperSurNameForeign	NormalNumberParadigm	FullRealization
277	64	глава	глава	188500	188494	Animate	Inanimate	Reflexive	FullReflexivity	NonReflexive	ImperfectiveReflexivity	NormalMorphForm	DefectOne	DefectTwo	Byt	DefectThree	DefectFour	GTNoun	NotEllipted	VocalForm	NForm	NotControlled	ZeroTypeOfCoordination	NoCompositeness	DegreeComparative	DegreePositive	DegreeSuperlative	Adverb_Un_Hyphen	Adverb_With_Hyphen	DeclensionNominal	DeclensionMixed	Un_Comp_Suf	BiAspectual	MonoAspectual	Paired	FullSynthComparison	NoSynthComparative	NoSynthSuperlative	OnlySuperlative	MOne	MTwo	MThree	NormalClassifyingCapitalization	Future	Past	Present	Noun	ZeroDoubleConjunct	NotCommonChild	Nominative	RCDemonstrative	RCAttributive	RCPossessive	RCIndefinite	RCPersonal	RCInterrogative	RCNegative	RCReflexive	RCNoun	NoPlacement	Imperfective	Perfective	NotDefaultFiller	Feminine	Masculine	NoLeftmostPlacement	Iterat	UnIterat	NoRightmostPlacement	NotLeftConjunct	PersonFirst	PersonSecond	PersonThird	PersonZero	Active	VoiceSya	Passive	VerbIntransitive	VerbIntransitiveSpecial	VerbTransitive	VerbTransitiveSpecial	NotRightConjunct	NoSpecialCaseForm	NoContrast	NormalCapitalization	PO_Prefixoid	Rus_Prefixoid	VPOL_Prefixoid	NE_Prefixoid	Eval_Prefixoid	Intern_Prefixoid	Reduced_Prefixoid	InternHy_Prefixoid	Letter_Prefixoid	BEZ_Prefixoid	BES_Prefixoid	BEZer_Prefixoid	V_Prefixoid	InternModEr_Prefixoid	RusHy_Prefixoid	NAI_Prefixoid	POL_Prefixoid	NI_Prefixoid	KOE_Prefixoid	Intern_ReducedPrefixoid	InternMod_Prefixoid	Chem_Prefixoid	ProperNamePrefixoid	Chemical_Possible	ParticipleFullForm	ParticipleShortForm	Singular	FiveAndMore	Three	Four	Two	SevenEight	AdjectiveFullForm	AdjectiveShortForm	AdjectiveShortFlectional	NounProperGeneral	NounProperSurNameFlective	NounProperTown	NounProperName	AdjectiveProper	NounProperPatronymic	NounProperNameDimin	AbbrProperGeneral	NounProperSurNameForeign	NormalNumberParadigm	FullRealization
277	70	компании	компании	188501	188500	Inanimate	Reflexive	FullReflexivity	NonReflexive	ImperfectiveReflexivity	NormalMorphForm	DefectOne	DefectTwo	Byt	DefectThree	DefectFour	GTNoun	NotEllipted	VocalForm	NForm	NotControlled	ZeroTypeOfCoordination	NoCompositeness	DegreeComparative	DegreePositive	DegreeSuperlative	Adverb_Un_Hyphen	Adverb_With_Hyphen	DeclensionNominal	Un_Comp_Suf	BiAspectual	MonoAspectual	Paired	FullSynthComparison	NoSynthComparative	NoSynthSuperlative	OnlySuperlative	MOne	MTwo	MThree	NormalClassifyingCapitalization	Future	Past	Present	Noun	ZeroDoubleConjunct	NotCommonChild	Accusative	Dative	Genitive	Locative	Nominative	Partitive	Prepositional	RCDemonstrative	RCAttributive	RCPossessive	RCIndefinite	RCPersonal	RCInterrogative	RCNegative	RCReflexive	RCNoun	NoPlacement	Imperfective	Perfective	NotDefaultFiller	Feminine	NoLeftmostPlacement	Iterat	UnIterat	NoRightmostPlacement	NotLeftConjunct	PersonFirst	PersonSecond	PersonThird	PersonZero	Active	VoiceSya	Passive	VerbIntransitive	VerbIntransitiveSpecial	VerbTransitive	VerbTransitiveSpecial	NotRightConjunct	NoSpecialCaseForm	NoContrast	NormalCapitalization	PO_Prefixoid	Rus_Prefixoid	VPOL_Prefixoid	NE_Prefixoid	Eval_Prefixoid	Intern_Prefixoid	Reduced_Prefixoid	InternHy_Prefixoid	Letter_Prefixoid	BEZ_Prefixoid	BES_Prefixoid	BEZer_Prefixoid	V_Prefixoid	InternModEr_Prefixoid	RusHy_Prefixoid	NAI_Prefixoid	POL_Prefixoid	NI_Prefixoid	KOE_Prefixoid	Intern_ReducedPrefixoid	InternMod_Prefixoid	Chem_Prefixoid	ProperNamePrefixoid	Chemical_Possible	ParticipleFullForm	ParticipleShortForm	Plural	Singular	FiveAndMore	Three	Four	Two	SevenEight	AdjectiveFullForm	AdjectiveShortForm	AdjectiveShortFlectional	NounProperGeneral	NounProperSurNameFlective	NounProperTown	NounProperName	AdjectiveProper	NounProperPatronymic	NounProperNameDimin	AbbrProperGeneral	NounProperSurNameForeign	NormalNumberParadigm	FullRealization
277	79	Лентрансгаз	Лентрансгаз	188502	188501
277	80	Лентрансгаз	Лентрансгаз	188503	188502	Animate	Inanimate	Reflexive	FullReflexivity	NonReflexive	ImperfectiveReflexivity	NormalMorphForm	DefectOne	DefectTwo	Byt	DefectThree	DefectFour	GTAdverb	GTNoun	GTVerb	NotEllipted	VocalForm	NForm	NotControlled	ZeroTypeOfCoordination	Composite_ski	Composite_iko	Composite_sko	NoCompositeness	Composite_o	Composite_e	Composite_usek	Composite_null	Composite_Numeral	Composite_cko	Composite_cki	Composite_ComplexNumeral	Composite_NumeralFull	Composite_NumeralShort	DegreeComparative	DegreePositive	DegreeSuperlative	Adverb_Un_Hyphen	Adverb_With_Hyphen	DeclensionAdjectival	DeclensionNominal	DeclensionMixed	Indeclinable	Comp_Suffixoid	Un_Comp_Suf	Comp_Suffixoid_Num_OJ	Comp_Suffixoid_Num_YJ	Comp_Suffixoid_Num_IJ	Comp_Suffixoid_Num_J	Comp_PunctuatorPost	Comp_PunctuatorPref	Comp_PunctuatorPostSeparable	Comp_PunctuatorPrefSeparable	Comp_Prefixoid	Comp_Suffixoid_Num_PercentYJ	Comp_Noun	Comp_Suffixoid_Chem	Comp_Adj	Comp_SuffixoidAbbr	BiAspectual	MonoAspectual	Paired	FullSynthComparison	NoSynthComparative	NoSynthSuperlative	OnlySuperlative	MOne	MTwo	MThree	NormalClassifyingCapitalization	Future	Past	Present	Adverb	Noun	Verb	ZeroDoubleConjunct	NotCommonChild	Accusative	Dative	Genitive	Instrumental	Locative	Nominative	Partitive	Prepositional	DativeSpecial	ZeroCase	Vocative	RCDemonstrative	RCAttributive	RCPossessive	RCIndefinite	RCPersonal	RCInterrogative	RCNegative	RCReflexive	RCNoun	NoPlacement	Imperfective	Perfective	NotDefaultFiller	Feminine	Masculine	Neuter	Common	NoLeftmostPlacement	Iterat	UnIterat	NoRightmostPlacement	NotLeftConjunct	PersonFirst	PersonSecond	PersonThird	PersonZero	Active	VoiceSya	Passive	VerbIntransitive	VerbIntransitiveSpecial	VerbTransitive	VerbTransitiveSpecial	NotRightConjunct	NoSpecialCaseForm	Locative_u	Genitive_u	Plural_consonant	Genitive_Locative_u	GenitivePlural_Zero	NominativePlural_a	SpecialPlual	SpecialVocative	NoContrast	NormalCapitalization	PO_Prefixoid	Rus_Prefixoid	VPOL_Prefixoid	NE_Prefixoid	Eval_Prefixoid	Intern_Prefixoid	Reduced_Prefixoid	InternHy_Prefixoid	Letter_Prefixoid	BEZ_Prefixoid	BES_Prefixoid	BEZer_Prefixoid	V_Prefixoid	InternModEr_Prefixoid	RusHy_Prefixoid	NAI_Prefixoid	POL_Prefixoid	NI_Prefixoid	KOE_Prefixoid	Intern_ReducedPrefixoid	InternMod_Prefixoid	Chem_Prefixoid	ProperNamePrefixoid	Chemical_Possible	ParticipleFullForm	ParticipleShortForm	Plural	Singular	FiveAndMore	Three	Four	Two	SevenEight	AdjectiveFullForm	AdjectiveShortForm	AdjectiveShortFlectional	NounProperGeneral	NounProperSurNameFlective	NounProperTown	NounProperName	AdjectiveProper	NounProperPatronymic	NounProperNameDimin	AbbrProperGeneral	NounProperSurNameForeign	NormalNumberParadigm	PluraliaTantum	SingulariaTantum	FullRealization
279	-1			188510	188507
279	0	Фурсенко	Фурсенко	188505	188504	Animate	Reflexive	FullReflexivity	NonReflexive	ImperfectiveReflexivity	NormalMorphForm	DefectOne	DefectTwo	Byt	DefectThree	DefectFour	GTNoun	NotEllipted	VocalForm	NForm	NotControlled	ZeroTypeOfCoordination	NoCompositeness	DegreeComparative	DegreePositive	DegreeSuperlative	Adverb_Un_Hyphen	Adverb_With_Hyphen	Indeclinable	Un_Comp_Suf	BiAspectual	MonoAspectual	Paired	FullSynthComparison	NoSynthComparative	NoSynthSuperlative	OnlySuperlative	MOne	MTwo	MThree	NormalClassifyingCapitalization	Future	Past	Present	Noun	ZeroDoubleConjunct	NotCommonChild	Accusative	Dative	Genitive	Instrumental	Locative	Nominative	Partitive	Prepositional	RCDemonstrative	RCAttributive	RCPossessive	RCIndefinite	RCPersonal	RCInterrogative	RCNegative	RCReflexive	RCNoun	NoPlacement	Imperfective	Perfective	NotDefaultFiller	Common	NoLeftmostPlacement	Iterat	UnIterat	NoRightmostPlacement	NotLeftConjunct	PersonFirst	PersonSecond	PersonThird	PersonZero	Active	VoiceSya	Passive	VerbIntransitive	VerbIntransitiveSpecial	VerbTransitive	VerbTransitiveSpecial	NotRightConjunct	NoSpecialCaseForm	NoContrast	NormalCapitalization	PO_Prefixoid	Rus_Prefixoid	VPOL_Prefixoid	NE_Prefixoid	Eval_Prefixoid	Intern_Prefixoid	Reduced_Prefixoid	InternHy_Prefixoid	Letter_Prefixoid	BEZ_Prefixoid	BES_Prefixoid	BEZer_Prefixoid	V_Prefixoid	InternModEr_Prefixoid	RusHy_Prefixoid	NAI_Prefixoid	POL_Prefixoid	NI_Prefixoid	KOE_Prefixoid	Intern_ReducedPrefixoid	InternMod_Prefixoid	Chem_Prefixoid	ProperNamePrefixoid	Chemical_Possible	ParticipleFullForm	ParticipleShortForm	Plural	Singular	FiveAndMore	Three	Four	Two	SevenEight	AdjectiveFullForm	AdjectiveShortForm	AdjectiveShortFlectional	NounProperSurNameForeign	NormalNumberParadigm	FullRealization
279	9	увлекается	увлекается	188504	-1	Animate	Inanimate	FullReflexivity	NormalMorphForm	DefectOne	DefectTwo	Byt	DefectThree	DefectFour	GTVerb	NotEllipted	VocalForm	NForm	NotControlled	ZeroTypeOfCoordination	Composite_ski	Composite_iko	Composite_sko	NoCompositeness	Composite_o	Composite_e	Composite_usek	Composite_null	Composite_Numeral	Composite_cko	Composite_cki	Composite_ComplexNumeral	Composite_NumeralFull	Composite_NumeralShort	DegreeComparative	DegreePositive	DegreeSuperlative	Adverb_Un_Hyphen	Adverb_With_Hyphen	DeclensionAdjectival	DeclensionNominal	DeclensionMixed	Indeclinable	Comp_Suffixoid	Un_Comp_Suf	Comp_Suffixoid_Num_OJ	Comp_Suffixoid_Num_YJ	Comp_Suffixoid_Num_IJ	Comp_Suffixoid_Num_J	Comp_PunctuatorPost	Comp_PunctuatorPref	Comp_PunctuatorPostSeparable	Comp_PunctuatorPrefSeparable	Comp_Prefixoid	Comp_Suffixoid_Num_PercentYJ	Comp_Noun	Comp_Suffixoid_Chem	Comp_Adj	Comp_SuffixoidAbbr	Paired	FullSynthComparison	NoSynthComparative	NoSynthSuperlative	OnlySuperlative	MOne	MTwo	MThree	NormalClassifyingCapitalization	Present	Verb	ZeroDoubleConjunct	NotCommonChild	Accusative	Dative	Genitive	Instrumental	Locative	Nominative	Partitive	Prepositional	DativeSpecial	ZeroCase	Vocative	RCDemonstrative	RCAttributive	RCPossessive	RCIndefinite	RCPersonal	RCInterrogative	RCNegative	RCReflexive	RCNoun	NoPlacement	Imperfective	NotDefaultFiller	Feminine	Masculine	Neuter	Common	NoLeftmostPlacement	UnIterat	NoRightmostPlacement	NotLeftConjunct	PersonThird	VoiceSya	VerbTransitive	NotRightConjunct	NoSpecialCaseForm	Locative_u	Genitive_u	Plural_consonant	Genitive_Locative_u	GenitivePlural_Zero	NominativePlural_a	SpecialPlual	SpecialVocative	NoContrast	NormalCapitalization	PO_Prefixoid	Rus_Prefixoid	VPOL_Prefixoid	NE_Prefixoid	Eval_Prefixoid	Intern_Prefixoid	Reduced_Prefixoid	InternHy_Prefixoid	Letter_Prefixoid	BEZ_Prefixoid	BES_Prefixoid	BEZer_Prefixoid	V_Prefixoid	InternModEr_Prefixoid	RusHy_Prefixoid	NAI_Prefixoid	POL_Prefixoid	NI_Prefixoid	KOE_Prefixoid	Intern_ReducedPrefixoid	InternMod_Prefixoid	Chem_Prefixoid	ProperNamePrefixoid	Chemical_Possible	ParticipleFullForm	ParticipleShortForm	Singular	FiveAndMore	Three	Four	Two	SevenEight	AdjectiveFullForm	AdjectiveShortForm	AdjectiveShortFlectional	NounProperGeneral	NounProperSurNameFlective	NounProperTown	NounProperName	AdjectiveProper	NounProperPatronymic	NounProperNameDimin	AbbrProperGeneral	NounProperSurNameForeign	NormalNumberParadigm	FullRealization
279	20	гольфом	гольфом	188506	188504	Inanimate	Reflexive	FullReflexivity	NonReflexive	ImperfectiveReflexivity	NormalMorphForm	DefectOne	DefectTwo	Byt	DefectThree	DefectFour	GTNoun	NotEllipted	VocalForm	NForm	NotControlled	ZeroTypeOfCoordination	NoCompositeness	DegreeComparative	DegreePositive	DegreeSuperlative	Adverb_Un_Hyphen	Adverb_With_Hyphen	DeclensionNominal	Un_Comp_Suf	BiAspectual	MonoAspectual	Paired	FullSynthComparison	NoSynthComparative	NoSynthSuperlative	OnlySuperlative	MOne	MTwo	MThree	NormalClassifyingCapitalization	Future	Past	Present	Noun	ZeroDoubleConjunct	NotCommonChild	Instrumental	RCDemonstrative	RCAttributive	RCPossessive	RCIndefinite	RCPersonal	RCInterrogative	RCNegative	RCReflexive	RCNoun	NoPlacement	Imperfective	Perfective	NotDefaultFiller	Masculine	NoLeftmostPlacement	Iterat	UnIterat	NoRightmostPlacement	NotLeftConjunct	PersonFirst	PersonSecond	PersonThird	PersonZero	Active	VoiceSya	Passive	VerbIntransitive	VerbIntransitiveSpecial	VerbTransitive	VerbTransitiveSpecial	NotRightConjunct	NoSpecialCaseForm	GenitivePlural_Zero	NoContrast	NormalCapitalization	PO_Prefixoid	Rus_Prefixoid	VPOL_Prefixoid	NE_Prefixoid	Eval_Prefixoid	Intern_Prefixoid	Reduced_Prefixoid	InternHy_Prefixoid	Letter_Prefixoid	BEZ_Prefixoid	BES_Prefixoid	BEZer_Prefixoid	V_Prefixoid	InternModEr_Prefixoid	RusHy_Prefixoid	NAI_Prefixoid	POL_Prefixoid	NI_Prefixoid	KOE_Prefixoid	Intern_ReducedPrefixoid	InternMod_Prefixoid	Chem_Prefixoid	ProperNamePrefixoid	Chemical_Possible	ParticipleFullForm	ParticipleShortForm	Singular	FiveAndMore	Three	Four	Two	SevenEight	AdjectiveFullForm	AdjectiveShortForm	AdjectiveShortFlectional	NounProperGeneral	NounProperSurNameFlective	NounProperTown	NounProperName	AdjectiveProper	NounProperPatronymic	NounProperNameDimin	AbbrProperGeneral	NounProperSurNameForeign	NormalNumberParadigm	SingulariaTantum	FullRealization
279	29	держит	держит	188507	-1	Animate	Inanimate	FullReflexivity	NormalMorphForm	DefectOne	DefectTwo	Byt	DefectThree	DefectFour	GTVerb	NotEllipted	VocalForm	NForm	NotControlled	ZeroTypeOfCoordination	Composite_ski	Composite_iko	Composite_sko	NoCompositeness	Composite_o	Composite_e	Composite_usek	Composite_null	Composite_Numeral	Composite_cko	Composite_cki	Composite_ComplexNumeral	Composite_NumeralFull	Composite_NumeralShort	DegreeComparative	DegreePositive	DegreeSuperlative	Adverb_Un_Hyphen	Adverb_With_Hyphen	DeclensionAdjectival	DeclensionNominal	DeclensionMixed	Indeclinable	Comp_Suffixoid	Un_Comp_Suf	Comp_Suffixoid_Num_OJ	Comp_Suffixoid_Num_YJ	Comp_Suffixoid_Num_IJ	Comp_Suffixoid_Num_J	Comp_PunctuatorPost	Comp_PunctuatorPref	Comp_PunctuatorPostSeparable	Comp_PunctuatorPrefSeparable	Comp_Prefixoid	Comp_Suffixoid_Num_PercentYJ	Comp_Noun	Comp_Suffixoid_Chem	Comp_Adj	Comp_SuffixoidAbbr	MonoAspectual	FullSynthComparison	NoSynthComparative	NoSynthSuperlative	OnlySuperlative	MOne	MTwo	MThree	NormalClassifyingCapitalization	Present	Verb	ZeroDoubleConjunct	NotCommonChild	Accusative	Dative	Genitive	Instrumental	Locative	Nominative	Partitive	Prepositional	DativeSpecial	ZeroCase	Vocative	RCDemonstrative	RCAttributive	RCPossessive	RCIndefinite	RCPersonal	RCInterrogative	RCNegative	RCReflexive	RCNoun	NoPlacement	Imperfective	NotDefaultFiller	Feminine	Masculine	Neuter	Common	NoLeftmostPlacement	UnIterat	NoRightmostPlacement	NotLeftConjunct	PersonThird	Active	VerbTransitive	NotRightConjunct	NoSpecialCaseForm	Locative_u	Genitive_u	Plural_consonant	Genitive_Locative_u	GenitivePlural_Zero	NominativePlural_a	SpecialPlual	SpecialVocative	NoContrast	NormalCapitalization	PO_Prefixoid	Rus_Prefixoid	VPOL_Prefixoid	NE_Prefixoid	Eval_Prefixoid	Intern_Prefixoid	Reduced_Prefixoid	InternHy_Prefixoid	Letter_Prefixoid	BEZ_Prefixoid	BES_Prefixoid	BEZer_Prefixoid	V_Prefixoid	InternModEr_Prefixoid	RusHy_Prefixoid	NAI_Prefixoid	POL_Prefixoid	NI_Prefixoid	KOE_Prefixoid	Intern_ReducedPrefixoid	InternMod_Prefixoid	Chem_Prefixoid	ProperNamePrefixoid	Chemical_Possible	ParticipleFullForm	ParticipleShortForm	Singular	FiveAndMore	Three	Four	Two	SevenEight	AdjectiveFullForm	AdjectiveShortForm	AdjectiveShortFlectional	NounProperGeneral	NounProperSurNameFlective	NounProperTown	NounProperName	AdjectiveProper	NounProperPatronymic	NounProperNameDimin	AbbrProperGeneral	NounProperSurNameForeign	NormalNumberParadigm	FullRealization
279	36	ирландского	ирландского	188509	188508	Animate	Inanimate	Reflexive	FullReflexivity	NonReflexive	ImperfectiveReflexivity	NormalMorphForm	DefectOne	DefectTwo	Byt	DefectThree	DefectFour	GTAdjectiveAttributive	NotEllipted	VocalForm	NForm	NotControlled	ZeroTypeOfCoordination	NoCompositeness	DegreePositive	Adverb_Un_Hyphen	Adverb_With_Hyphen	DeclensionAdjectival	DeclensionNominal	DeclensionMixed	Indeclinable	Un_Comp_Suf	BiAspectual	MonoAspectual	Paired	NoSynthComparative	MOne	MTwo	MThree	NormalClassifyingCapitalization	Future	Past	Present	Adjective	ZeroDoubleConjunct	NotCommonChild	Accusative	Genitive	Partitive	RCDemonstrative	RCAttributive	RCPossessive	RCIndefinite	RCPersonal	RCInterrogative	RCNegative	RCReflexive	RCNoun	NoPlacement	Imperfective	Perfective	NotDefaultFiller	Masculine	Neuter	NoLeftmostPlacement	Iterat	UnIterat	NoRightmostPlacement	NotLeftConjunct	PersonFirst	PersonSecond	PersonThird	PersonZero	Active	VoiceSya	Passive	VerbIntransitive	VerbIntransitiveSpecial	VerbTransitive	VerbTransitiveSpecial	NotRightConjunct	NoSpecialCaseForm	Locative_u	Genitive_u	Plural_consonant	Genitive_Locative_u	GenitivePlural_Zero	NominativePlural_a	SpecialPlual	SpecialVocative	NoContrast	NormalCapitalization	PO_Prefixoid	Rus_Prefixoid	VPOL_Prefixoid	NE_Prefixoid	Eval_Prefixoid	Intern_Prefixoid	Reduced_Prefixoid	InternHy_Prefixoid	Letter_Prefixoid	BEZ_Prefixoid	BES_Prefixoid	BEZer_Prefixoid	V_Prefixoid	InternModEr_Prefixoid	RusHy_Prefixoid	NAI_Prefixoid	POL_Prefixoid	NI_Prefixoid	KOE_Prefixoid	Intern_ReducedPrefixoid	InternMod_Prefixoid	Chem_Prefixoid	ProperNamePrefixoid	Chemical_Possible	ParticipleFullForm	ParticipleShortForm	Singular	FiveAndMore	Three	Four	Two	SevenEight	AdjectiveFullForm	NounProperGeneral	NounProperSurNameFlective	NounProperTown	NounProperName	AdjectiveProper	NounProperPatronymic	NounProperNameDimin	AbbrProperGeneral	NounProperSurNameForeign	NormalNumberParadigm	FullRealization
279	48	сеттера	сеттера	188508	188507	Animate	Reflexive	FullReflexivity	NonReflexive	ImperfectiveReflexivity	NormalMorphForm	DefectOne	DefectTwo	Byt	DefectThree	DefectFour	GTNoun	NotEllipted	VocalForm	NForm	NotControlled	ZeroTypeOfCoordination	NoCompositeness	DegreeComparative	DegreePositive	DegreeSuperlative	Adverb_Un_Hyphen	Adverb_With_Hyphen	DeclensionNominal	Un_Comp_Suf	BiAspectual	MonoAspectual	Paired	FullSynthComparison	NoSynthComparative	NoSynthSuperlative	OnlySuperlative	MOne	MTwo	MThree	NormalClassifyingCapitalization	Future	Past	Present	Noun	ZeroDoubleConjunct	NotCommonChild	Accusative	Genitive	Nominative	Partitive	RCDemonstrative	RCAttributive	RCPossessive	RCIndefinite	RCPersonal	RCInterrogative	RCNegative	RCReflexive	RCNoun	NoPlacement	Imperfective	Perfective	NotDefaultFiller	Masculine	NoLeftmostPlacement	Iterat	UnIterat	NoRightmostPlacement	NotLeftConjunct	PersonFirst	PersonSecond	PersonThird	PersonZero	Active	VoiceSya	Passive	VerbIntransitive	VerbIntransitiveSpecial	VerbTransitive	VerbTransitiveSpecial	NotRightConjunct	NoSpecialCaseForm	NoContrast	NormalCapitalization	PO_Prefixoid	Rus_Prefixoid	VPOL_Prefixoid	NE_Prefixoid	Eval_Prefixoid	Intern_Prefixoid	Reduced_Prefixoid	InternHy_Prefixoid	Letter_Prefixoid	BEZ_Prefixoid	BES_Prefixoid	BEZer_Prefixoid	V_Prefixoid	InternModEr_Prefixoid	RusHy_Prefixoid	NAI_Prefixoid	POL_Prefixoid	NI_Prefixoid	KOE_Prefixoid	Intern_ReducedPrefixoid	InternMod_Prefixoid	Chem_Prefixoid	ProperNamePrefixoid	Chemical_Possible	ParticipleFullForm	ParticipleShortForm	Plural	Singular	FiveAndMore	Three	Four	Two	SevenEight	AdjectiveFullForm	AdjectiveShortForm	AdjectiveShortFlectional	NounProperGeneral	NounProperSurNameFlective	NounProperTown	NounProperName	AdjectiveProper	NounProperPatronymic	NounProperNameDimin	AbbrProperGeneral	NounProperSurNameForeign	NormalNumberParadigm	FullRealization
